id,domain,status,purchase_price,renewal_price,attractiveness,demand,length,registrar,created_at,expires_at,status_verified_at
dfa65f60-8eee-4f74-978a-63fcb79fb539,similitude.ong,available,18.98,24.98,medium,low,10,namecheap,,,18/09/2026 07:51
a71bce7d-6939-4552-894d-28b4d3e3d824,unseeable.ong,available,16.99,16.99,medium,low,9,name.com,,,22/08/2026 09:08
d6aa5317-ff12-4bd3-9a4a-e019d90592c1,dinky.ong,available,16.99,16.99,medium,low,5,name.com,,,14/08/2026 08:14
b146ce30-f685-4393-8c4b-a800a9f7b437,radiantly.ong,available,18.98,24.98,medium,low,9,namecheap,,,15/09/2026 22:18
0ce26da1-f600-49cc-9eae-ede591639e20,flatfoot.ong,available,18.98,24.98,medium,low,8,namecheap,,,10/09/2026 16:10
ee6b08c9-f87e-4f07-a144-67d15a8b32da,gulf.ong,available,16.99,,high,low,4,name.com,,,
77daf2a6-2ac8-42d2-8d04-eb16b803390e,kelvin.ong,available,16.99,16.99,high,low,6,name.com,,,22/08/2026 15:02
2757916c-bd48-4693-ba0b-47a2ebb77b54,offish.ong,available,18.98,24.98,low,low,6,namecheap,,,04/09/2026 01:35
80627ebf-bcee-4bf2-add5-ac2c96a10006,calciferol.ong,available,16.99,16.99,medium,low,10,name.com,,,13/08/2026 15:07
53ba80e6-b16f-4e69-86a6-5732645b65c5,happen.ong,available,18.98,24.98,high,low,6,namecheap,,,25/09/2026 06:00
1ea6448d-178a-47b0-9976-7e80770eda70,cerebellar.ong,available,16.99,16.99,medium,low,10,name.com,,,12/08/2026 00:28
8e15b662-9fd3-432e-8d48-ffa2622b61d2,humoral.ong,available,16.99,16.99,medium,low,7,name.com,,,21/08/2026 15:21
3ad38cee-de0d-4a89-b3ed-376d8c6c73ee,celebrating.ong,available,18.98,24.98,high,low,11,namecheap,,,27/09/2026 06:50
f07397e3-ea88-428e-b7e3-9754ba6847c5,terbium.ong,available,18.98,24.98,medium,low,7,namecheap,,,20/09/2026 23:28
a15df609-0321-4e52-aebc-39621aa490a3,pretorian.ong,available,18.98,24.98,high,medium,9,namecheap,,,09/09/2026 01:00
0540a6ac-9f3f-4617-83fd-9d82efce874a,newfound.ong,available,18.98,24.98,medium,low,9,namecheap,,,08/09/2026 04:48
b985e3c1-6727-417a-8a8e-a1a18a879444,speaking.ong,available,18.98,24.98,high,medium,8,namecheap,,,10/09/2026 15:24
4f57f1fd-8ab6-4bfe-9eb7-286ea3d996e5,convention.ong,available,18.98,24.98,high,low,10,namecheap,,,03/09/2026 21:13
fb19360b-46f2-4356-80c0-31f0ab08a4c0,amonra.ong,available,18.98,24.98,medium,low,7,namecheap,,,18/09/2026 18:34
0cdf24ef-80c3-49d4-a37c-364d24bb6f6a,shakespeare.ong,available,16.99,,high,low,11,name.com,,,
3e130722-bd0c-42cb-a197-df171867b54b,approved.ong,premium,62.5,31.25,high,low,8,name.com,,,06/08/2026 09:20
a25b8bea-c1d9-4d5b-8a04-ee9f1e6f2566,unrealized.ong,available,18.98,24.98,medium,low,10,namecheap,,,12/09/2026 11:00
192d38f6-a8a9-4e48-9453-168ef231abeb,championship.ong,available,18.98,24.98,high,low,12,namecheap,,,27/09/2026 02:00
df442a0b-7271-4ad8-a2f4-9f6f5554c0b6,pardon.ong,premium,625,,high,low,6,name.com,,,
d8f2dc43-4b6a-4b66-9320-edd4f9f77496,exchanging.ong,available,18.98,24.98,medium,low,10,namecheap,,,20/09/2026 00:55
fc197da2-6b57-4490-8be7-5c8ef28b62ee,crustal.ong,available,16.99,16.99,medium,low,7,name.com,,,13/08/2026 09:20
37774489-23e5-4da3-a19d-6257bdf2fc24,amusing.ong,available,16.99,16.99,high,low,7,name.com,,,
0dffb0f1-9d17-4e6b-aff8-216a77422f56,tunas.ong,available,18.98,24.98,medium,low,5,namecheap,,,19/09/2026 22:09
d0a8e4f5-c40f-4656-a9ad-6c0cee4eb3e7,pool.ong,available,16.99,,high,low,4,name.com,,,
facfe2b6-0915-4cc9-a294-3bfa474ec30d,alcibiades.ong,available,18.98,24.98,medium,low,10,namecheap,,,18/09/2026 04:00
30dbbd80-64a1-4e7d-9563-736474f0992d,crescent.ong,available,16.99,16.99,high,low,8,name.com,,,13/08/2026 06:14
1e23c88c-b89a-46b5-b5f6-593eb5c4af16,optimal.ong,available,18.98,24.98,high,low,7,namecheap,,,04/09/2026 17:01
44b6ead4-82ad-4011-b622-786aeff5a322,wolfgang.ong,available,16.99,16.99,high,low,8,name.com,,,25/09/2026 15:09
e910a161-296a-4f5c-b09b-61303c0bd0e1,ametria.ong,available,18.98,24.98,medium,low,7,namecheap,,,18/09/2026 21:07
12ccab89-e430-4320-b064-622ba7b62162,cive.ong,available,18.98,24.98,medium,low,4,namecheap,,,18/09/2026 11:31
5386822d-41ba-4ba9-8da1-3bed98af12b0,corrosion.ong,available,18.98,24.98,high,low,9,namecheap,,,24/09/2026 18:21
225aa76d-efa6-44c3-9822-090dc987946b,downer.ong,available,16.99,16.99,medium,low,6,name.com,,,14/08/2026 02:41
63f08f03-e1d2-405e-8489-b039cf655928,enchant.ong,available,16.99,16.99,high,low,7,name.com,,,21/08/2026 07:46
fabcff54-b68d-46f2-8560-898bb272d642,circuitous.ong,available,16.99,16.99,medium,low,10,name.com,,,12/08/2026 08:18
7ad50e34-8bf9-4ffc-a4b6-c0550dd18260,adhere.ong,available,18.98,24.98,high,low,6,namecheap,,,23/09/2026 17:04
af18efc8-7846-46f1-9388-ca556c32019f,rental.ong,available,18.98,24.98,high,low,6,namecheap,,,09/09/2026 14:17
3c7e5a7c-86d0-4f9c-8d5f-2d2d0200a22a,ambient.ong,available,16.99,16.99,high,low,7,name.com,,,
8cae63df-57b3-4a44-a111-ecbf1cb9333e,snuggery.ong,available,18.98,24.98,high,medium,8,namecheap,,,10/09/2026 12:53
6e3f36c6-2115-490f-9188-166c46530163,logrolling.ong,available,18.98,24.98,high,low,10,namecheap,,,23/09/2026 20:50
21628436-205a-49d1-b8d2-eb568c5e858d,specialized.ong,available,16.99,,high,low,11,name.com,,,
d597312d-4a0d-4755-832a-193d064e70cf,dextrous.ong,available,16.99,16.99,high,low,8,name.com,,,13/08/2026 23:53
40860702-635d-4849-a758-85a9fc13e818,anchorman.ong,available,18.98,24.98,high,low,9,namecheap,,,19/09/2026 03:46
0f9b1bfe-f3ea-466b-a1b2-3d6a0e0541c1,sul.ong,available,18.98,24.98,medium,low,3,namecheap,,,27/09/2026 10:19
f886fe93-3b60-44c7-809b-f33cfc6ca63c,language.ong,premium,65,32.5,high,low,8,namecheap,,,25/09/2026 15:54
837ea59a-c3c9-4add-b9ac-2e567d84e765,nepali.ong,available,18.98,24.98,high,low,6,namecheap,,,03/09/2026 15:37
e2bdfea2-47cc-4ff7-8ca7-bf4008270e3a,kurrat.ong,available,18.98,24.98,medium,low,6,namecheap,,,18/09/2026 11:14
ecbb0e8a-743f-4f34-9346-44cf019158a9,ancients.ong,available,18.98,24.98,high,low,8,namecheap,,,19/09/2026 03:51
e1076198-0ea7-42bd-8d26-71ee69655686,hierarch.ong,available,18.98,24.98,medium,low,8,namecheap,,,20/09/2026 02:30
6b54c81b-32d5-4c65-8d09-519b7682fde7,exalt.ong,available,16.99,16.99,high,low,5,name.com,,,
9c294b4b-f1f1-42ff-84da-3b707a278e51,herds.ong,available,18.98,24.98,medium,low,5,namecheap,,,19/09/2026 20:40
59deb93b-34f1-4f82-8eaa-767aff141e9a,check.ong,premium,65,32.5,high,medium,5,namecheap,,,04/09/2026 07:44
91af010d-d6a5-4aef-afec-a8461df0140c,arbovirus.ong,available,18.98,24.98,medium,low,9,namecheap,,,20/09/2026 00:52
c9e404f7-f1e1-4a5b-aa91-00dcd904cede,quash.ong,available,18.98,24.98,medium,low,5,namecheap,,,13/09/2026 06:42
2812002e-7fc2-4713-a919-258886fd7e6f,powerless.ong,available,18.98,24.98,high,medium,9,namecheap,,,09/09/2026 00:56
d360c785-0683-44ee-bc0d-0e4d795b8d40,conway.ong,available,18.98,24.98,high,low,6,namecheap,,,25/09/2026 21:36
a5b8e937-cd37-4377-940d-cb3fccef57b8,aliquot.ong,available,16.99,16.99,medium,low,7,name.com,,,
ac66b49d-01d8-4d10-977e-c6e99a3e2f53,berlioz.ong,available,18.98,24.98,medium,low,7,namecheap,,,23/09/2026 09:39
eec12d80-78da-4241-9517-c43166541d69,edirne.ong,available,18.98,24.98,medium,low,6,namecheap,,,17/09/2026 10:01
50c6fa96-5952-46e5-aefd-063bf7783d89,aramus.ong,available,18.98,24.98,medium,low,6,namecheap,,,19/09/2026 23:57
7071b533-c071-4b63-b855-e776c90c22ab,orchestra.ong,available,16.99,,high,low,9,name.com,,,
2d1c6e52-5991-4244-987e-b3c87280d7f3,unlocking.ong,available,16.99,,high,low,9,name.com,,,
9098a591-866a-49a7-ac37-6774aededd6f,disraeli.ong,available,18.98,24.98,medium,low,8,namecheap,,,23/09/2026 08:17
cdda68cf-09b3-4e3b-90c9-a0088ef7fcf7,awkward.ong,available,18.98,24.98,high,low,7,namecheap,,,22/09/2026 15:31
77203864-0873-4e79-85f2-605aeb5376d4,salty.ong,available,18.98,24.98,high,low,5,namecheap,,,19/09/2026 11:13
882b85f5-b79f-48c7-9799-93a15dfe9ec9,timed.ong,available,18.98,24.98,high,low,5,namecheap,,,11/09/2026 16:00
97ed068a-385a-47dd-b2ca-97d34675e6ad,facial.ong,available,16.99,16.99,high,low,6,name.com,,,17/08/2026 20:25
0e5d29ad-8d6c-4a73-b51e-8e67772e500d,devoting.ong,available,18.98,24.98,medium,low,8,namecheap,,,17/09/2026 17:04
ecd6c3eb-7931-46a3-ad71-55f32c845937,exhausted.ong,available,16.99,16.99,medium,low,9,name.com,,,14/08/2026 14:43
12b09ac1-6f42-4965-a260-af8ffd6f0b94,buren.ong,available,15.2,15.2,medium,low,5,cloudflare,,,27/09/2026 20:26
e511f6da-029c-4484-8490-dbcf31c3fc97,appointed.ong,available,16.99,16.99,high,low,9,name.com,,,06/08/2026 07:21
cb7213ba-570c-4d3a-9b70-639d2e6381ff,baneberry.ong,available,18.98,24.98,medium,low,9,namecheap,,,22/09/2026 01:43
7c18d1f9-7540-4eac-8319-a8fe719d1d8b,tubes.ong,available,18.98,24.98,medium,low,5,namecheap,,,20/09/2026 00:50
1d447379-9a59-4449-8880-63a210324f96,smoked.ong,available,18.98,24.98,medium,low,6,namecheap,,,10/09/2026 11:53
032a3c4a-80ce-4ebb-9ad3-2d91fd40d432,estate.ong,available,18.98,24.98,high,low,6,namecheap,,,17/09/2026 02:55
d8fe4f63-b70c-4605-b3ef-b03dd2edc362,hysteric.ong,available,16.99,16.99,medium,low,8,name.com,,,21/08/2026 17:20
877cbf7a-802c-4a7e-85e2-6e97e96f4095,antabuse.ong,available,18.98,24.98,medium,low,8,namecheap,,,19/09/2026 12:24
0e615f38-d562-497e-bac4-b7b81e75ebaf,krypton.ong,available,18.98,24.98,medium,low,7,namecheap,,,20/09/2026 22:56
951b515f-9d0e-4323-beee-c3f4fed27a03,unverified.ong,available,18.98,24.98,medium,low,10,namecheap,,,12/09/2026 22:13
369de0ca-d4b7-4737-9cb4-bd481e53031a,mixed.ong,available,18.98,24.98,high,low,5,namecheap,,,19/09/2026 12:23
6bfded03-1292-4cba-87ec-b895c4705d4c,necromancy.ong,available,18.98,24.98,medium,low,10,namecheap,,,23/09/2026 23:53
90b3306d-1998-44cb-8b5b-16999d6401b0,any.ong,available,16.99,16.99,high,medium,3,name.com,,,22/09/2026 07:02
e7a8422c-3061-46f1-b4ba-56a48a30765a,henrietta.ong,available,18.98,24.98,high,low,9,namecheap,,,25/09/2026 17:42
08fdfa78-70c5-44ef-8663-5dd82e01e470,yellowcake.ong,available,16.99,,medium,low,11,name.com,,,
5c6115df-1285-45af-b0c8-b69b348d1c0d,bangkok.ong,available,18.98,24.98,high,low,7,namecheap,,,22/09/2026 01:48
bca90b84-206f-43db-b85d-d31ab99b25e1,malayan.ong,available,16.99,16.99,medium,low,7,name.com,,,24/08/2026 13:44
71c80bbe-3472-475c-a4e7-9353ef15a562,isothermic.ong,available,16.99,16.99,medium,low,10,name.com,,,22/08/2026 11:24
ae1ce06a-e384-4e2e-a5c4-2440ec1db870,boaster.ong,available,16.99,16.99,medium,low,7,name.com,,,11/08/2026 01:18
16b1c84e-84ef-4fce-8273-0b2ceb9f6956,operator.ong,available,18.98,24.98,high,low,8,namecheap,,,25/09/2026 23:32
f4007dd6-02e5-41a9-b421-5f6e2cb6fd17,ambrosian.ong,available,16.99,16.99,medium,low,9,name.com,,,
d3e9b53e-425b-4aec-b2d9-3a4d01c0c171,yank.ong,available,18.98,24.98,high,low,4,namecheap,,,13/09/2026 14:14
7eebdf5e-28be-4ce8-93a7-3e801805e3da,frequently.ong,available,16.99,,high,low,10,name.com,,,
6fa64525-c784-4073-921b-02d197ece977,unimportant.ong,available,16.99,,medium,low,11,name.com,,,
483252dc-1648-43df-9ad5-1740a7f1a3da,chordate.ong,available,16.99,16.99,medium,low,8,name.com,,,12/08/2026 07:12
98853f5e-30c1-432d-9079-c199c5d0fa2f,integrated.ong,available,18.98,24.98,high,low,10,namecheap,,,25/09/2026 08:05
fff9325d-812c-4026-986b-22c83b962efb,pimiento.ong,available,18.98,24.98,medium,low,8,namecheap,,,23/09/2026 05:38
61a6e6fb-7f42-49fe-be05-961524b9cd31,attendance.ong,available,18.98,24.98,high,low,10,namecheap,,,21/09/2026 01:23
157816ad-ecdc-4cee-8535-e4bf290e9efd,pcr.ong,available,15.96,15.96,high,low,3,porkbun,,,28/09/2026 03:30
bea32654-9992-4671-a142-53db89ef392d,allocation.ong,available,18.98,24.98,high,low,10,namecheap,,,18/09/2026 11:47
9711bf1d-3bf6-46a9-8b76-c9ad33b3d71e,apercu.ong,available,18.98,24.98,medium,low,6,namecheap,,,19/09/2026 16:30
7e199004-367a-43a2-aee5-fcfd5c15f47d,mop.ong,available,16.99,,high,low,3,name.com,,,
48b7363e-208b-4c94-a564-ad3c6b5ebcc5,beaming.ong,available,16.99,16.99,high,low,7,name.com,,,09/08/2026 04:03
c2bb2e14-7bc1-459b-98ca-3df4bfbff0d9,proofed.ong,available,18.98,24.98,medium,low,7,namecheap,,,09/09/2026 03:24
1d209a2f-4090-4eec-a7cd-df07bc573f0f,bubbling.ong,available,16.99,16.99,high,low,8,name.com,,,11/08/2026 07:15
2bcd1dd4-3f8f-411f-8c9c-191b9398a540,prater.ong,available,18.98,24.98,medium,low,6,namecheap,,,21/09/2026 12:26
1771512e-d739-4170-adae-8b47eb225198,didnt.ong,available,16.99,,medium,low,5,name.com,,,
2f23ba88-b2e9-411b-b4c9-e3a7614fbb52,waxed.ong,available,18.98,24.98,high,low,5,namecheap,,,13/09/2026 08:40
eb93c3da-0b3a-4708-9ae5-f35265783be9,validated.ong,available,18.98,24.98,high,low,9,namecheap,,,13/09/2026 00:59
0a08b556-f988-4768-a448-e8fdffa613c3,studs.ong,available,16.99,,high,low,5,name.com,,,
a6df53c4-9258-4214-bbf3-4232ee965c09,arikara.ong,available,18.98,24.98,medium,low,7,namecheap,,,20/09/2026 05:16
72362aa3-a7f1-47e4-adb5-4ef5805d8295,provoking.ong,available,16.99,16.99,high,low,9,name.com,,,
a6629d1b-1db6-44ff-8c8f-830c0bd9f449,segregated.ong,available,18.98,24.98,medium,low,10,namecheap,,,10/09/2026 01:51
617910cb-1e04-4036-a4aa-b058906eb153,gainful.ong,available,16.99,16.99,high,low,7,name.com,,,18/08/2026 19:30
6a60d772-be82-4d81-8350-e60a4fe0b096,unweaned.ong,available,18.98,24.98,medium,low,8,namecheap,,,12/09/2026 22:29
d0492191-2cc1-46a0-bb85-e612c27b83d3,zoonotic.ong,available,18.98,24.98,medium,low,8,namecheap,,,13/09/2026 15:35
3865656b-1b17-4323-b846-c005826fedc0,slower.ong,available,18.98,24.98,high,low,6,namecheap,,,16/09/2026 02:42
eb79a32b-304a-4187-86d8-ada6953bf290,praising.ong,available,16.99,16.99,high,low,8,name.com,,,22/08/2026 20:53
f56fd20c-6db2-4c6b-873f-96af6acf933d,baku.ong,available,18.98,24.98,high,low,4,namecheap,,,21/09/2026 20:24
961b3615-7905-4cd7-bc21-bb4a687f5eb0,protect.ong,premium,625,,high,low,7,name.com,,,
7be409da-07e2-4996-93f8-96558a280f37,atrophic.ong,available,16.99,16.99,medium,low,8,name.com,,,07/08/2026 14:52
5705f993-3847-4277-af74-508a5966a830,airspeed.ong,available,18.98,24.98,high,low,8,namecheap,,,17/09/2026 23:22
f6d9f57a-607e-4c4d-a8f0-485499ef001d,translation.ong,available,16.99,,high,low,11,name.com,,,
f87fb45f-3049-41f4-ab99-91cb7d424fde,keith.ong,available,18.98,24.98,high,low,5,namecheap,,,17/09/2026 22:02
3862623c-9a4b-4147-9340-7178cffcff2a,wounds.ong,available,18.98,24.98,low,low,6,namecheap,,,25/09/2026 19:23
f32b12a2-eaa3-4caf-9a3b-85aeba2268a6,victories.ong,available,18.98,24.98,medium,low,9,namecheap,,,18/09/2026 09:23
8fc3c2d0-b05f-42ae-89be-38295c99e7ab,oversexed.ong,available,16.99,16.99,medium,low,9,name.com,,,21/08/2026 09:17
4ae8d888-e54d-4970-abfd-daf975d4585b,escort.ong,available,18.98,24.98,high,low,6,namecheap,,,24/09/2026 06:34
dcdf04d3-1d0f-4dad-8d1d-569906d929b4,chalkboards.ong,available,18.98,24.98,low,low,11,namecheap,,,19/09/2026 23:25
2f1b05b9-99f4-4b25-a08e-ab7ada380897,eased.ong,available,16.99,16.99,high,low,5,name.com,,,
2a00652e-5f3c-4763-aa77-0bf54cabdaac,agrology.ong,available,18.98,24.98,medium,low,8,namecheap,,,17/09/2026 19:36
c1b5962f-7c82-4995-9c19-8e412a33c7d5,polygenic.ong,available,18.98,24.98,medium,low,9,namecheap,,,08/09/2026 23:15
d0d69506-45ab-49af-8db1-8b23f465adf8,acidosis.ong,available,16.99,16.99,medium,low,8,name.com,,,17/09/2026 01:28
37b5fe39-bb00-4303-b1eb-247723f6b727,backside.ong,available,16.99,16.99,medium,low,8,name.com,,,09/08/2026 10:44
7af83273-4182-48be-a0a0-81bdcc315509,larry.ong,available,18.98,24.98,high,low,5,namecheap,,,25/09/2026 12:43
13a711bd-71a8-4998-aee1-b607d0816347,gut.ong,available,16.72,16.72,high,low,3,dynadot,,,28/09/2026 01:05
64f3a718-a4bd-44f8-a18a-83205c204e3f,phial.ong,available,18.98,24.98,medium,low,5,namecheap,,,18/09/2026 23:47
8beeac32-bd6e-4ab5-ade1-50c62835f48d,circuitry.ong,available,15.2,15.2,high,low,9,cloudflare,,,28/09/2026 02:48
d966d088-b5f1-4039-9d89-320b912a1ceb,arava.ong,available,18.98,24.98,medium,low,5,namecheap,,,20/09/2026 00:28
425ec08e-f8f6-422e-bf61-c6063f84d5d0,desmond.ong,available,18.98,24.98,high,low,7,namecheap,,,26/09/2026 03:14
47aaef6f-2bc1-40a2-b8ec-f73b7b705888,bitchy.ong,available,16.99,16.99,medium,low,6,name.com,,,10/08/2026 07:17
f543e777-4c01-475b-b24b-42df73ebfb75,diazo.ong,available,16.99,16.99,medium,low,5,name.com,,,14/08/2026 06:23
534e3d17-c33f-4565-b138-8d70f36f7d84,amuck.ong,available,16.99,16.99,medium,low,5,name.com,,,
28c0a2ac-354a-46ba-b7e4-cdabdc628137,shiny.ong,available,18.98,24.98,high,low,5,namecheap,,,23/09/2026 11:51
299c8bfd-9ac3-4acd-96d8-8c8d4f65c173,astatine.ong,available,18.98,24.98,medium,low,8,namecheap,,,20/09/2026 16:55
b026ba37-a825-439b-b847-1059f552ad0e,antiquity.ong,available,18.98,24.98,medium,low,9,namecheap,,,19/09/2026 03:50
9c1dc518-0df7-48d1-87ce-295a1dede148,unavowed.ong,available,18.98,24.98,high,medium,8,namecheap,,,10/09/2026 12:30
05b4b63d-f1ae-4c60-b0c9-a3c2cbdcb834,lxxxii.ong,available,16.99,16.99,medium,low,6,name.com,,,
d795dfd6-e880-4fe7-8f1f-17d4051c277b,unstuck.ong,available,18.98,24.98,medium,low,7,namecheap,,,12/09/2026 20:40
cab66971-47d7-4644-880e-41a9faeaddc5,anemia.ong,available,18.98,24.98,medium,low,6,namecheap,,,19/09/2026 01:16
7bb01762-4fa8-470e-9d68-0481d71b7616,homespun.ong,available,16.99,16.99,high,low,8,name.com,,,13/08/2026 04:23
6aca5c07-0791-4210-8d7a-45a0fd0df148,freight.ong,available,18.98,24.98,high,low,7,namecheap,,,23/09/2026 08:23
13dde45d-c1fe-448d-9da5-f9a6e92a4eac,tricks.ong,available,18.98,24.98,medium,low,6,namecheap,,,25/09/2026 17:54
1dbf92aa-b691-4d52-92e2-696af5feb1ba,connective.ong,available,16.99,16.99,high,low,10,name.com,,,12/08/2026 22:16
036988e2-0dfc-4188-b6b8-29eea9a2a1ac,crushing.ong,available,16.99,16.99,high,low,8,name.com,,,13/08/2026 09:13
3c92c27f-db4c-483b-8a08-31cc7f87008d,copyright.ong,available,18.98,24.98,high,low,9,namecheap,,,24/09/2026 18:10
4d76b02c-c084-4695-b4fb-d2f883c15ce3,nodded.ong,available,18.98,24.98,medium,low,6,namecheap,,,18/09/2026 03:34
762ef32e-124a-454d-bbd1-5d79c811800c,clinton.ong,available,18.98,24.98,high,low,7,namecheap,,,23/09/2026 15:58
b2f59230-3b24-4f85-94dd-cab17b7bd62f,batiste.ong,available,18.98,24.98,medium,low,7,namecheap,,,22/09/2026 14:05
e34086f5-5809-4d6e-9f52-cbafa637b6e0,indelibly.ong,available,18.98,24.98,medium,low,9,namecheap,,,15/09/2026 07:53
d62f8868-7e86-4d8e-b594-f5d1e6412b07,aurous.ong,available,16.99,16.99,medium,low,6,name.com,,,07/08/2026 17:31
29cc639c-56f5-499c-a78a-b23e06698133,lillian.ong,available,18.98,24.98,medium,low,7,namecheap,,,26/09/2026 03:34
d45f3d38-d895-40b8-8fa8-7183d10883af,waker.ong,available,18.98,24.98,medium,low,5,namecheap,,,20/09/2026 08:31
7a8856aa-98dc-4bc8-8399-52175e8cd74e,makes.ong,available,18.98,24.98,high,low,5,namecheap,,,16/09/2026 09:30
b5b1c3eb-9fa1-408f-9732-4748d7710cd7,obliquity.ong,available,18.98,24.98,medium,low,9,namecheap,,,20/09/2026 18:47
92d38d25-c96c-4327-94ee-b2d219c92b85,luigi.ong,available,18.98,24.98,high,low,5,namecheap,,,27/09/2026 07:36
1a34fe03-ea33-48ba-98f4-9b89cd02fd3e,average.ong,available,18.98,24.98,high,low,7,namecheap,,,22/09/2026 14:28
709abe39-7129-48de-9785-bedac473d194,ebionite.ong,available,16.99,16.99,medium,low,8,name.com,,,14/08/2026 23:04
7d896e55-c5a8-449d-8dfb-41db38e2ab55,spangly.ong,available,16.99,16.99,medium,low,7,name.com,,,18/08/2026 21:20
41cc3423-5f6a-40f6-8ac9-ebb56db8b1f9,chickens.ong,available,18.98,24.98,medium,low,8,namecheap,,,27/09/2026 22:56
167b52fa-03ec-41b8-9aa9-63218187ad0e,engage.ong,premium,62.5,,high,low,6,name.com,,,
69a2c1fd-8fa4-40f7-8ac7-7054d224d40e,thundery.ong,available,16.99,16.99,medium,low,8,name.com,,,13/08/2026 19:58
1f37678b-8165-410d-879c-dfbf4bfbdd61,vertebrate.ong,available,18.98,24.98,medium,low,10,namecheap,,,13/09/2026 04:35
41324583-a132-455e-8593-043e05ff0dea,upwind.ong,available,16.99,16.99,high,low,6,name.com,,,22/08/2026 22:35
1a593412-ed65-4be6-a6ec-2a41835e7c25,testis.ong,available,16.99,16.99,medium,low,6,name.com,,,21/09/2026 22:59
fb3c1e3b-6920-47c4-b9c1-d8323b2cb3c8,americana.ong,available,18.98,24.98,high,low,9,namecheap,,,18/09/2026 21:03
6bb3299e-43d4-4999-a469-a407ce66e5c9,cyclosis.ong,available,18.98,24.98,medium,low,8,namecheap,,,10/09/2026 22:24
ff66c798-00ad-4236-bb7e-1fce7d199661,unearned.ong,available,18.98,24.98,medium,low,8,namecheap,,,12/09/2026 08:43
21c8f70f-3720-43e6-911b-6a95bb9868d9,flossy.ong,available,16.99,16.99,medium,low,6,name.com,,,14/08/2026 17:44
6b3d6d4b-61b4-4aea-afa8-0b7c36d69dab,acronym.ong,available,16.99,,high,low,7,name.com,,,
4faf29cc-6ed2-458f-945e-673553180211,obscure.ong,available,16.99,16.99,high,low,7,name.com,,,05/08/2026 21:59
d1c9fa7c-b5fc-4617-b00e-6ad54de36494,gamers.ong,available,18.98,24.98,high,low,6,namecheap,,,20/09/2026 23:00
0cee51f6-95dd-44c6-8096-8d0d5640b861,glare.ong,available,18.98,24.98,high,low,5,namecheap,,,24/09/2026 10:22
cf62b363-bed7-4021-a813-4ee9a880f03f,forrest.ong,available,18.98,24.98,high,low,7,namecheap,,,25/09/2026 12:36
0f2e7679-d6d4-4b75-8205-cb8217b4e8bb,tragedy.ong,premium,650,325,medium,low,7,namecheap,,,24/09/2026 11:39
5169e705-e57e-408b-84c8-121644f0f8c4,origins.ong,available,18.98,24.98,medium,low,7,namecheap,,,16/09/2026 10:13
cc7efb75-a6ae-4cf3-a78a-3db226378e10,queer.ong,available,16.99,16.99,high,low,5,name.com,,,13/08/2026 11:09
affbac29-256e-48e6-ac82-7196cc5c84fd,beatific.ong,available,16.99,16.99,high,low,8,name.com,,,
986f0382-90cb-475a-923d-e08b8ca94116,vitalizer.ong,available,18.98,24.98,medium,low,9,namecheap,,,19/09/2026 09:10
fb99c80f-013c-4b89-95db-f95d5f18e3ed,botticelli.ong,available,18.98,24.98,high,low,10,namecheap,,,18/09/2026 05:31
4ce8245e-dc94-464c-be4b-a1d3c1468dfa,peaky.ong,available,16.99,16.99,medium,low,5,name.com,,,08/09/2026 11:10
93b097c3-e948-468c-82cf-2aa7a1433121,pungent.ong,available,16.99,16.99,medium,low,7,name.com,,,
7b3a3cd4-f75f-464d-9907-6886eada630b,streak.ong,available,18.98,24.98,high,low,6,namecheap,,,27/09/2026 11:41
900ef0a1-d309-4876-9ccb-82a74f2436ed,western.ong,available,16.99,16.99,high,low,7,name.com,,,13/09/2026 10:56
9d220134-04b3-4ff5-a26d-9ab727df8aa8,clunky.ong,available,16.99,16.99,medium,low,6,name.com,,,12/08/2026 13:08
9b6c5390-e6d7-4fda-8835-afe1aa31b427,prole.ong,available,18.98,24.98,medium,low,5,namecheap,,,09/09/2026 03:01
54cdef18-df59-4623-b044-72b1bfa7a24c,repeatable.ong,available,18.98,24.98,medium,low,10,namecheap,,,09/09/2026 09:08
7397f275-0e86-4694-8da2-3737f8f0402d,animistic.ong,available,16.99,16.99,medium,low,9,name.com,,,
1498ee38-e9eb-41fd-9ca2-e7bba4e889d4,windsor.ong,available,16.99,,high,low,7,name.com,,,
c2f2cb51-7d9b-4032-98ec-73edce5e635e,privacy.ong,premium,650,325,high,medium,7,namecheap,,,24/09/2026 17:03
bd739110-ac50-4418-a818-7e67a35486e9,belgian.ong,available,16.99,16.99,medium,low,7,name.com,,,09/08/2026 12:51
d20396cc-13c2-43eb-b764-a894a87c6b00,equivalent.ong,available,18.98,24.98,high,low,10,namecheap,,,24/09/2026 14:50
a4db932e-9e53-4d4f-a2cb-8e4e76f7411e,hydroponic.ong,available,16.99,16.99,medium,low,10,name.com,,,06/08/2026 10:34
49bf3602-9b73-41cc-9b18-cb0070f23a54,clients.ong,available,18.98,24.98,high,low,7,namecheap,,,19/09/2026 19:21
1d557def-0444-4cde-88d2-d08650ccd703,phase.ong,available,16.99,,high,low,5,name.com,,,
775473ab-d127-42de-89d3-c01dc14ac3f4,tokens.ong,available,18.98,24.98,high,medium,6,namecheap,,,19/09/2026 22:34
c01bab7f-af98-475e-a60b-f777020a2ef3,emile.ong,available,18.98,24.98,medium,low,5,namecheap,,,27/09/2026 13:23
8f95d71a-1f4a-499b-98e5-613b088f7497,allison.ong,available,18.98,24.98,medium,low,7,namecheap,,,25/09/2026 17:48
839d3d10-8e49-4805-b2da-2dd2d9717919,tastily.ong,available,18.98,24.98,medium,low,7,namecheap,,,16/09/2026 08:03
2952ef75-662c-4218-b8a8-8c51c12a2d24,yearly.ong,available,16.99,,high,low,6,name.com,,,
35ea2c03-acdc-42b5-b07f-b9bbd1fceead,insert.ong,available,18.98,24.98,high,low,6,namecheap,,,24/09/2026 20:42
b73eda14-c506-4572-8c33-de4883b23977,butterball.ong,available,16.99,16.99,medium,low,10,name.com,,,17/08/2026 23:59
4e4ad287-4d0e-4e00-a709-bf702e686243,pouched.ong,available,18.98,24.98,high,medium,7,namecheap,,,09/09/2026 00:55
135dd491-03d3-45c2-9d17-66ee922ae614,affirmation.ong,available,18.98,24.98,high,low,11,namecheap,,,16/09/2026 08:52
406c64a0-3fb2-4e85-8faa-ba00efe54b73,feetfirst.ong,available,18.98,24.98,medium,low,9,namecheap,,,14/09/2026 18:20
59b9c6f8-5d62-462f-a733-e5a3a5416649,evaporated.ong,available,16.99,16.99,medium,low,10,name.com,,,17/08/2026 14:45
d39052ab-db98-45f3-8704-2f3b61b43c3c,cultivars.ong,available,18.98,24.98,low,low,9,namecheap,,,28/09/2026 00:23
aca30b78-aa7d-4b16-8fb5-863ddda03b9b,lief.ong,available,16.99,16.99,medium,low,4,name.com,,,17/08/2026 20:49
ec8a7e17-b73a-4f2f-9391-cc23c79b33eb,antifreeze.ong,available,18.98,24.98,medium,low,10,namecheap,,,19/09/2026 14:23
0420a88e-2750-4d0a-b230-3eb257daa2cf,acipenser.ong,available,18.98,24.98,medium,low,9,namecheap,,,17/09/2026 01:47
070c669a-3bac-4ba4-ba3b-e9205af2a870,stripy.ong,available,18.98,24.98,medium,low,6,namecheap,,,10/09/2026 22:46
c8b2a425-3255-4aef-8e94-aa66544e09db,design.ong,available,16.99,16.99,high,medium,6,name.com,,,24/09/2026 06:20
57a06070-7df7-4b8f-a2f4-1ef45b0a065e,acropolis.ong,available,18.98,24.98,high,low,9,namecheap,,,17/09/2026 03:57
8540347c-442f-4e97-9482-26882ec5c1cc,acinar.ong,available,16.99,16.99,medium,low,6,name.com,,,
aa832bd4-d12d-497b-9f2c-828662ef4e67,with.ong,available,16.99,,high,high,4,name.com,,,
797da17b-2efe-4482-9e0f-f0c93f8335d0,asphodelus.ong,available,18.98,24.98,medium,low,10,namecheap,,,20/09/2026 15:09
7efb94bf-2645-4eff-b25c-d59e52dc9539,rid.ong,available,16.99,,high,low,3,name.com,,,
2a815e11-d0cd-4822-b4c0-616335cc9b8b,silently.ong,available,18.98,24.98,medium,low,8,namecheap,,,15/09/2026 15:52
f23b7e8f-2a54-487f-8d67-3dfab831aa8b,stunningly.ong,available,18.98,24.98,medium,low,10,namecheap,,,16/09/2026 06:09
6d76f8b2-be94-439d-a2e8-0178ee7567b8,apiculture.ong,available,18.98,24.98,medium,low,10,namecheap,,,19/09/2026 15:54
335594e6-a269-40a5-a9d9-1778dec94fb3,pops.ong,available,18.98,24.98,high,low,4,namecheap,,,18/09/2026 21:55
fc1ef472-3be3-461b-ad5e-e7db74ec6c78,hoary.ong,available,16.99,16.99,medium,low,5,name.com,,,20/08/2026 19:20
0f6afbb2-fd45-4c40-9504-ffd406fb4cdb,jokes.ong,available,18.98,24.98,high,low,5,namecheap,,,25/09/2026 11:35
a38f2011-1f72-456a-8cc0-4e89dbdc31a6,benign.ong,available,16.99,16.99,high,low,6,name.com,,,09/08/2026 14:36
8123e773-8d50-483b-9b6c-ce9c0f7a10dd,harvard.ong,available,18.98,24.98,high,medium,7,namecheap,,,19/09/2026 06:08
86862bcb-396c-46d9-a9b2-61959b8eb424,wastebin.ong,available,18.98,24.98,medium,low,8,namecheap,,,20/09/2026 13:38
4b49ef6a-6bce-4a2c-9c08-48ecb2936412,simulate.ong,available,16.99,16.99,high,low,8,name.com,,,10/09/2026 05:47
0cd3736f-6351-494f-b08d-95a5a2edaff5,edna.ong,available,18.98,24.98,high,low,4,namecheap,,,27/09/2026 01:34
a0214811-f62c-48ef-bff9-d00f1dfd5a2e,innovative.ong,available,16.72,16.72,high,low,10,dynadot,,,28/09/2026 03:29
2fd666ea-9658-4548-aa03-514d85423e75,picture.ong,available,18.98,24.98,high,low,7,namecheap,,,24/09/2026 16:54
8305b736-f809-4511-b63d-8ab09febf8ae,hover.ong,available,16.99,,high,low,5,name.com,,,
c350a0c8-5ff9-4c9a-9902-8e706b37a4f7,shrill.ong,available,18.98,24.98,high,medium,6,namecheap,,,10/09/2026 06:54
53de7677-9c6e-4ac6-a9dc-4539bc253b7e,assagai.ong,available,18.98,24.98,medium,low,7,namecheap,,,20/09/2026 15:41
c1590389-5ff5-4159-a500-c25e874f203e,tiresome.ong,available,16.99,16.99,medium,low,8,name.com,,,10/08/2026 20:03
58ea4072-5adf-41f8-a2b9-98a0b1c03505,streetwise.ong,available,18.98,24.98,high,low,10,namecheap,,,10/09/2026 22:26
5bdbaafe-659c-4e5d-bbd4-12dd8610a327,gordian.ong,available,16.99,16.99,medium,low,7,name.com,,,20/08/2026 17:03
ec49e44d-debb-4393-aaaa-6345337b0a6a,unabridged.ong,available,18.98,24.98,medium,low,10,namecheap,,,11/09/2026 23:28
cd0f000b-8a68-4b0c-93e6-fc100de82630,convolute.ong,available,16.99,16.99,medium,low,9,name.com,,,12/08/2026 23:57
e0916170-e498-494b-a8ad-abde80ea9ea9,grandma.ong,available,16.99,,high,low,7,name.com,,,
4f5267e3-b500-4907-b680-c79299b96d0d,well.ong,available,18.98,24.98,high,low,4,namecheap,,,24/09/2026 22:39
13489507-552c-417c-8cd3-acbc320bdd08,sprinkle.ong,available,18.98,24.98,high,low,8,namecheap,,,15/09/2026 20:15
506a7ca4-010b-4693-9168-c288ecfe0814,squat.ong,available,18.98,24.98,high,low,5,namecheap,,,25/09/2026 15:16
8fbcbc4f-a988-485b-8c7d-7b344b096735,wheeler.ong,available,18.98,24.98,high,low,7,namecheap,,,23/09/2026 13:27
ed641334-dc76-4cbc-a70a-3f105ba74903,chagrined.ong,available,16.99,16.99,medium,low,9,name.com,,,
913b9cf7-d437-4838-ad97-e42101a0c530,arrhythmia.ong,available,18.98,24.98,medium,low,10,namecheap,,,20/09/2026 09:13
bd7183cf-bd7a-49e4-8711-d9f9f26c3fc3,talented.ong,available,16.99,16.99,high,low,8,name.com,,,18/08/2026 23:26
01d22cf6-8c2a-4fca-8e5d-f01ee2bc33b5,then.ong,available,15.2,15.2,high,low,4,cloudflare,,,28/09/2026 02:27
3a3ef2de-ba67-48fc-a25d-0e901099624e,rearing.ong,available,18.98,24.98,high,low,7,namecheap,,,09/09/2026 11:04
5147d365-b333-4e5d-91af-59752a9a71c0,doctorial.ong,available,16.99,16.99,medium,low,9,name.com,,,14/08/2026 14:21
a313d6e5-920c-492f-9969-7f95a599229c,knower.ong,available,18.98,24.98,medium,low,6,namecheap,,,19/09/2026 22:14
9b69c502-e257-4c3e-a64a-5c4553a8c296,postmark.ong,available,16.99,16.99,high,low,8,name.com,,,18/08/2026 14:12
c99942e0-6145-4e6f-b816-be95a06ac993,copular.ong,available,16.99,16.99,medium,low,7,name.com,,,13/08/2026 00:38
cef61ceb-cc91-4362-93ad-f1f746c7a762,timing.ong,available,18.98,24.98,high,low,6,namecheap,,,27/09/2026 05:40
e00bf0e2-3cd1-4520-81a0-5a5399d42eac,skating.ong,available,15.96,15.96,high,low,7,porkbun,,,28/09/2026 03:06
e6517932-6172-4884-9c7c-a654c56e94af,publicity.ong,available,16.99,,high,low,9,name.com,,,
5c447420-eb45-41d7-a76e-c4b1a64547c4,amyloid.ong,available,16.99,16.99,medium,low,7,name.com,,,
82bf600f-74ce-46f5-ae37-28decd715ffc,wisdom.ong,available,16.99,,high,low,6,name.com,,,
6ba8a0b4-0692-441a-be16-fda26074097b,mammary.ong,available,16.99,16.99,medium,low,7,name.com,,,24/08/2026 14:23
b433a7e0-12ad-4fd1-81b6-fb6875fbbc2f,brut.ong,available,16.99,16.99,medium,low,4,name.com,,,11/08/2026 07:07
a034e4dd-b420-4571-b578-d66ae2a8f4ba,brigand.ong,available,18.98,24.98,medium,low,7,namecheap,,,22/09/2026 01:20
0eb5f3c8-49ab-4ea2-bd1a-163f94673ff7,lava.ong,available,16.99,,high,low,4,name.com,,,
f2e56e00-ea5f-45f3-82ad-c460508c0a6b,diacritic.ong,available,16.99,16.99,medium,low,9,name.com,,,14/08/2026 05:43
330e4b65-746e-4b6a-8491-592fc046308f,hangover.ong,available,16.99,,medium,low,9,name.com,,,
b9474229-4c8c-482b-adfc-e6e9eb5767f5,complacent.ong,available,16.99,16.99,medium,low,10,name.com,,,12/08/2026 19:25
64f3f94d-4e31-43a3-8440-600a452a9562,punctured.ong,available,18.98,24.98,medium,low,9,namecheap,,,08/09/2026 16:56
5f0c3413-3ba3-4402-ac77-425e2debd4cb,fairly.ong,available,18.98,24.98,high,low,6,namecheap,,,24/09/2026 16:08
f45f7163-9344-4157-b00f-de9a4ae8fa75,lxx.ong,available,16.99,16.99,medium,low,3,name.com,,,
c1381c63-a060-4115-8fee-c05d9848b167,atheism.ong,available,18.98,24.98,medium,low,7,namecheap,,,20/09/2026 20:31
c20a51ec-34d9-4d53-aa5f-528f05ad136d,colombian.ong,available,16.99,16.99,high,low,9,name.com,,,12/08/2026 17:18
5a7dc9f3-ddb2-44ed-90ac-c90df0ff0ab5,brinjal.ong,available,16.99,16.99,high,low,7,name.com,,,21/09/2026 02:34
59025b9d-6a1e-4db2-9b21-efab5de197aa,blende.ong,available,18.98,24.98,medium,low,6,namecheap,,,24/09/2026 05:43
8b142824-2c82-42ed-8b4d-be171ab977e2,explain.ong,available,16.99,,high,low,7,name.com,,,
664857d1-e2e5-49e0-8a8c-a3a85049daba,dominoes.ong,available,18.98,24.98,high,low,8,namecheap,,,24/09/2026 23:28
4daa6bec-ecf4-4562-9210-f816d3745c9a,aground.ong,available,16.99,16.99,medium,low,7,name.com,,,
196f7c06-6ce4-4e25-8339-685c34c42690,follow.ong,available,16.99,,high,low,6,name.com,,,
eb565388-537b-4b67-817f-4836cfc59eea,vaunt.ong,available,16.99,16.99,medium,low,5,name.com,,,11/08/2026 01:09
29534500-eda7-4a70-b81b-568fdf69700e,esthetical.ong,available,18.98,24.98,medium,low,10,namecheap,,,21/09/2026 21:22
caff73ca-f8d2-4612-a04d-83dece196b59,pallor.ong,available,18.98,24.98,medium,low,6,namecheap,,,17/09/2026 01:07
f87f76ea-320f-465e-9588-bc85d9a58b88,adlumia.ong,available,18.98,24.98,medium,low,7,namecheap,,,17/09/2026 08:37
86fef0ea-62e1-4a7b-b632-5b3725ac1832,otc.ong,available,18.98,24.98,high,low,3,namecheap,,,04/09/2026 18:34
86bf8165-54c7-40bc-89b8-56d0369bc47a,summer.ong,available,18.98,24.98,high,low,6,namecheap,,,27/09/2026 05:34
0cbb41d9-9749-42b5-8412-2df5ff9dafc2,rifle.ong,available,18.98,24.98,high,low,5,namecheap,,,27/09/2026 04:01
81e184eb-2551-48db-a246-a6feac5753f0,peaceful.ong,available,18.98,24.98,high,low,8,namecheap,,,27/09/2026 03:13
dc2ca9d7-7b47-4867-8d1c-d98fecdbf164,modesty.ong,available,16.99,,high,low,7,name.com,,,
a4501761-db0f-4308-b539-bd59dfb306c5,calendric.ong,available,16.99,16.99,medium,low,9,name.com,,,11/08/2026 14:14
1730ce30-4c23-4e55-b83b-4e86a5068c40,obstinate.ong,available,16.99,16.99,medium,low,9,name.com,,,13/08/2026 12:17
b93a1a6c-3425-441a-bb98-0da8499ce0a2,unsigned.ong,available,18.98,24.98,medium,low,8,namecheap,,,12/09/2026 19:55
6542bc45-2d00-49b6-8abb-c3b2a5b47774,coerce.ong,available,16.99,16.99,medium,low,6,name.com,,,20/08/2026 22:25
abd73b38-ca2e-467d-b314-22fa549bce38,clunk.ong,available,18.98,24.98,medium,low,5,namecheap,,,11/09/2026 15:10
586e2730-cf38-4839-b98d-7501f203b7ba,bordeaux.ong,available,18.98,24.98,high,low,8,namecheap,,,24/09/2026 07:22
4eeb5e4e-d1a3-43ae-b31a-b6c955f09024,coplanar.ong,available,16.99,16.99,medium,low,8,name.com,,,13/08/2026 00:32
a4d0d45a-e163-4e98-b7b0-e43c9acd6722,brass.ong,available,16.99,,high,low,5,name.com,,,
d4e736ba-a06c-474a-8d6e-27e4bf76cdd8,inaugural.ong,available,16.99,16.99,high,low,9,name.com,,,22/08/2026 00:37
1def1c6b-c69a-478a-8536-f501f7a833b4,bowing.ong,available,16.99,16.99,high,medium,6,name.com,,,10/08/2026 23:25
1e03a286-2468-4a6e-a8be-33d5980a8031,stargazer.ong,available,18.98,24.98,high,low,9,namecheap,,,20/09/2026 18:07
d54dbcb0-419a-42c6-8409-d068f69d7bdd,titular.ong,available,18.98,24.98,high,low,7,namecheap,,,11/09/2026 16:32
ed50a573-3776-420e-8130-29e9b0126d54,bargello.ong,available,18.98,24.98,medium,low,8,namecheap,,,22/09/2026 05:48
05a0ba8f-c3f3-4280-a3cc-57e1ad06b64a,aphoristic.ong,available,16.99,16.99,medium,low,10,name.com,,,05/08/2026 23:31
f9b2beb8-0de1-4f94-be1e-a8b0f82a4933,passe.ong,available,16.99,16.99,medium,low,5,name.com,,,14/08/2026 01:17
5939d68f-f2de-4630-a29b-127b85764ae5,birthright.ong,available,18.98,24.98,high,low,10,namecheap,,,23/09/2026 21:20
e7ac585a-2343-4064-b0fc-03d236b39575,antagonist.ong,available,16.99,16.99,high,low,10,name.com,,,17/09/2026 10:48
997f9839-c90c-4afe-afbf-cd32e999eb47,detest.ong,available,16.99,,medium,low,6,name.com,,,
bcab31ff-da39-4416-8190-f4389f5a73a6,spaceman.ong,available,18.98,24.98,high,low,8,namecheap,,,20/09/2026 17:58
d675bdcc-dca7-46eb-b7a2-2d7f3f67148e,brainwash.ong,available,16.99,,high,low,9,name.com,,,
5f2cccfe-cebb-4382-9cfa-35e9b1741670,transparent.ong,available,16.99,,high,low,11,name.com,,,
3dcc5e17-afab-4fb5-ad01-1333a0e233a8,incident.ong,available,16.99,16.99,high,low,8,name.com,,,22/08/2026 01:19
b0c440fc-87b0-421a-8d89-969e233d4b2e,trends.ong,available,18.98,24.98,high,low,6,namecheap,,,17/09/2026 19:12
7131b666-29e4-4bd9-afcb-0aa1dedb7496,minds.ong,available,18.98,24.98,medium,low,5,namecheap,,,25/09/2026 20:20
1bfbc3ef-16d0-44c4-b37c-56d69ba7d6d1,atm.ong,available,18.98,24.98,high,low,3,namecheap,,,20/09/2026 18:44
99a14dce-fe5b-460d-ab7c-e2e3f1151d79,nest.ong,available,16.99,,high,medium,4,name.com,,,
84e7802a-1ab9-4037-8b2c-727515dc22f9,intolerant.ong,available,16.99,16.99,medium,low,10,name.com,,,21/08/2026 20:02
bafdd305-e0e3-4de0-9a2b-31636a382a37,chesty.ong,available,16.99,16.99,medium,low,6,name.com,,,06/08/2026 22:08
9bb00268-ce3a-4ada-8719-48aed30f719c,hemp.ong,available,18.98,24.98,high,low,4,namecheap,,,24/09/2026 12:04
22fb61bf-1625-4e2b-90c4-fd2483affbd2,minty.ong,available,16.99,16.99,high,low,5,name.com,,,25/08/2026 00:53
99443df5-feb3-499b-95e2-1bda81c0986e,exhale.ong,available,16.99,,high,low,6,name.com,,,
4f0ce479-4bc3-4ad6-ac3a-cfd8771d5a44,dispensed.ong,available,16.99,16.99,medium,low,9,name.com,,,14/08/2026 11:54
76b93079-68aa-47c5-8a33-124f147707c5,clyde.ong,available,18.98,24.98,high,low,5,namecheap,,,25/09/2026 04:17
a4fc5189-3c4b-4dbf-8928-39303670323e,wilcox.ong,available,18.98,24.98,medium,low,6,namecheap,,,27/09/2026 01:45
29c042f6-cac3-4df0-86d0-c93677230cc7,alert.ong,premium,625,312.5,high,low,5,name.com,,,
3ca43366-77d7-4099-a660-5ba889556700,onslaught.ong,available,18.98,24.98,medium,low,9,namecheap,,,21/09/2026 01:06
9635ae38-65fd-423d-94e6-fc0c18cc957a,sneaker.ong,available,16.99,16.99,high,low,7,name.com,,,11/08/2026 16:16
d1ccad6b-6ccd-41f9-b71a-886a1991bcd8,jay.ong,available,16.99,,high,low,3,name.com,,,
1461bebf-49dd-440a-b70d-80c12b052f4f,bastion.ong,available,18.98,24.98,high,low,7,namecheap,,,22/09/2026 12:50
ddea8a16-6fc1-4693-b34d-4af0d444f036,aug.ong,available,16.99,16.99,high,low,3,name.com,,,07/08/2026 17:10
2bfc9c0d-61e0-4c3e-85c3-5f42e24130e1,store.ong,available,18.98,24.98,high,medium,5,namecheap,,,24/09/2026 16:58
408be609-6efc-4643-8127-dee343140dc0,unnatural.ong,available,16.99,16.99,medium,low,9,name.com,,,
f7ea1aa0-fbc6-440b-a2aa-c33698a30b57,andante.ong,available,16.99,16.99,medium,low,7,name.com,,,
598e18ca-4626-4230-8b50-027594606b24,assets.ong,available,18.98,24.98,high,low,6,namecheap,,,20/09/2026 16:21
ef27c0e1-602e-4e3a-ba35-91c6e9a546c5,tease.ong,available,18.98,24.98,high,low,5,namecheap,,,11/09/2026 09:59
8dbbc70d-a079-44c5-96e4-a51abc53a258,aurochs.ong,available,18.98,24.98,medium,low,7,namecheap,,,21/09/2026 04:34
edd21b6d-84fd-4db3-9a4e-416f934ed86a,radiation.ong,available,18.98,24.98,high,low,9,namecheap,,,17/09/2026 04:59
9e110a4c-4c9b-4bb5-b1fa-a47c2cb8e3b7,dishonest.ong,available,16.99,16.99,medium,low,9,name.com,,,11/08/2026 03:44
a5c88e8f-e30c-4e5f-b5b0-91a724d8fdd0,dourly.ong,available,18.98,24.98,low,low,6,namecheap,,,14/09/2026 13:56
73d49e93-9151-452d-9a04-30196e1babb4,hidebound.ong,available,16.99,16.99,medium,low,9,name.com,,,21/08/2026 08:11
38566b9b-59b6-41ce-8c22-7d6c896aca1e,isolated.ong,available,16.99,16.99,medium,low,8,name.com,,,22/09/2026 07:07
322f44bc-e53a-464e-b74e-39dce78d9d9a,ducktape.ong,available,18.98,24.98,high,low,9,namecheap,,,27/09/2026 08:55
ce2ae295-fb34-4c9e-95be-d00334f3bff3,tuneful.ong,available,16.99,16.99,high,low,7,name.com,,,24/08/2026 19:43
6717d6f9-24bd-43c7-99d4-8587fc550d1a,vixenish.ong,available,18.98,24.98,medium,low,8,namecheap,,,13/09/2026 06:24
6be6e22e-dd86-46a0-88b5-949a8ae243d8,deluge.ong,available,18.98,24.98,medium,low,6,namecheap,,,24/09/2026 16:03
eb702911-b69e-42ca-ab69-34b52c2ee6ee,formidable.ong,available,16.99,16.99,high,low,10,name.com,,,18/08/2026 12:12
dfdc5b94-da57-4a95-8bf1-e615ac2bf168,treeless.ong,available,18.98,24.98,medium,low,8,namecheap,,,11/09/2026 19:10
f6fa2063-3343-40c7-a16a-6020730861f3,mixing.ong,available,16.99,,high,low,6,name.com,,,
a4e59371-e31a-4407-a368-e3bca157fadb,scooped.ong,available,18.98,24.98,medium,low,7,namecheap,,,17/09/2026 23:31
40db7027-aba7-485d-9964-3f02b23d43c4,concerns.ong,premium,65,32.5,medium,low,8,namecheap,,,27/09/2026 11:01
008b44c6-51e1-40c7-9bbc-01f5f4fce62c,upstate.ong,available,18.98,24.98,high,low,7,namecheap,,,16/09/2026 10:25
1c97125d-b2ba-4b6a-a84d-eac840c02a7c,discerning.ong,available,16.99,16.99,high,low,10,name.com,,,06/08/2026 08:23
6f8bce20-e5e8-480c-9995-aabbbb5e9729,involves.ong,available,18.98,24.98,medium,low,8,namecheap,,,19/09/2026 23:56
6121b824-66b1-440b-81c8-31f216a29093,perforation.ong,available,16.99,,medium,low,11,name.com,,,
ff90a6d0-5835-4665-a344-c2bc91b2cd8e,item.ong,available,16.99,,high,low,4,name.com,,,
bea99578-4ce1-4355-8c34-dc36d8dd1b25,anaheim.ong,available,18.98,24.98,high,low,7,namecheap,,,19/09/2026 01:31
84d54f7b-a436-439e-b496-5f42906cd734,are.ong,available,16.99,,high,low,3,name.com,,,
ec0658aa-e9de-453c-bc24-0c80bf6a78c3,cuvier.ong,available,16.99,16.99,high,low,6,name.com,,,22/09/2026 07:06
87e78362-7059-4e07-a8d2-b8ade36e4de6,justices.ong,available,18.98,24.98,medium,low,8,namecheap,,,20/09/2026 11:20
6dcef90c-9eb5-4fca-babd-9146bf19fdeb,calvinist.ong,available,16.99,16.99,medium,low,9,name.com,,,11/08/2026 15:24
1e50d068-9193-44fa-9aef-c1a4a7a46585,genitive.ong,available,16.99,16.99,medium,low,8,name.com,,,18/08/2026 21:46
5d16e4a3-d8f3-4037-b28e-836467a94b90,belly.ong,available,18.98,24.98,high,low,5,namecheap,,,16/09/2026 14:48
ce0d8ba9-4fdc-493a-b6a9-5273d4b40c83,afterglow.ong,available,18.98,24.98,high,low,9,namecheap,,,17/09/2026 15:42
40ea1660-8924-4256-b3b2-5974bc4cd7ac,trilled.ong,available,16.99,16.99,medium,low,7,name.com,,,09/09/2026 18:19
a5c3fa82-430f-445a-a840-8ba602b09027,dualistic.ong,available,16.99,16.99,medium,low,9,name.com,,,14/08/2026 20:40
a2e8d41e-0dcf-4d72-a378-369271347ed3,oakley.ong,available,18.98,24.98,high,medium,6,namecheap,,,19/09/2026 10:26
32a521e6-4c5f-4859-92ba-d7d59ba83920,bohrium.ong,available,18.98,24.98,medium,low,7,namecheap,,,20/09/2026 22:07
05c8681c-3573-4879-8ee2-55916f858ec1,tasking.ong,available,16.99,,medium,low,7,name.com,,,
eded3ad9-0458-4b3b-8fc3-cb3f70029a3f,bazar.ong,available,18.98,24.98,high,low,5,namecheap,,,22/09/2026 18:23
cfd0d38e-1766-46c4-9beb-096c640ef023,clover.ong,available,18.98,24.98,high,low,6,namecheap,,,24/09/2026 16:06
d10c8438-9704-45f8-a7e7-26183a890f60,miscreant.ong,available,18.98,24.98,medium,low,9,namecheap,,,09/09/2026 14:38
17298109-26c7-4fca-ac95-015ee09321af,from.ong,available,18.98,24.98,high,low,4,namecheap,,,08/09/2026 08:57
0a8a36c9-7069-4df5-832f-f02c9bf36bd3,blackbeard.ong,available,18.98,24.98,medium,low,10,namecheap,,,24/09/2026 02:06
b2f14ed0-9402-4fc3-b0e7-90f5533bcbd7,headteacher.ong,available,16.99,,high,low,12,name.com,,,
a34d5126-ad45-4df7-9a2e-1273c7ad0e4d,edacious.ong,available,16.99,16.99,medium,low,8,name.com,,,15/08/2026 05:24
9ed269bf-597d-45ad-a164-c5653eb1a127,antilope.ong,available,16.99,16.99,medium,low,8,name.com,,,19/09/2026 14:39
2d3f3886-969d-4345-be1e-69b97220f4bf,unpunished.ong,available,18.98,24.98,medium,low,10,namecheap,,,12/09/2026 17:37
e8ba0b05-3d39-490b-92f2-37a4730c500c,existing.ong,available,18.98,24.98,high,low,8,namecheap,,,24/09/2026 15:59
d9ad5c2b-717a-44ad-a2ce-979b4a0f4d3b,strand.ong,available,16.99,16.99,high,low,6,name.com,,,24/08/2026 16:26
a336fcd3-2d02-4205-a7a4-7305199a2213,queerly.ong,available,18.98,24.98,medium,low,7,namecheap,,,14/09/2026 18:39
26f0b35b-62eb-4e17-a65a-b04b65bd17e7,marred.ong,available,16.99,16.99,medium,low,6,name.com,,,24/08/2026 16:28
ff403522-50a7-41c1-945e-f6b52a89b97b,afrl.ong,available,18.98,24.98,medium,low,4,namecheap,,,17/09/2026 15:27
33a5828f-1338-443f-b373-f5e209b544ae,politicians.ong,available,18.98,24.98,medium,low,11,namecheap,,,19/09/2026 23:03
e44ff240-ea2c-4efb-9fff-d679518181ca,alms.ong,available,18.98,24.98,high,low,4,namecheap,,,18/09/2026 12:43
a81f1c03-839f-467c-933b-3e3a8aa4f31d,iron.ong,available,18.98,24.98,high,low,4,namecheap,,,23/09/2026 13:11
4e5c70f3-2139-492a-a97d-390e4cbcb7b1,penniless.ong,available,16.99,16.99,medium,low,9,name.com,,,21/08/2026 00:34
8ba36a3f-8a53-4484-9709-e9f117f52032,grayson.ong,available,16.72,16.72,medium,low,7,dynadot,,,28/09/2026 00:47
b3da9851-2dca-43b9-b89d-3502159bf400,endogamic.ong,available,16.99,16.99,medium,low,9,name.com,,,17/08/2026 01:11
ed19fc3f-0f5b-496f-9dbf-438aa577e39c,guidance.ong,premium,65,32.5,high,low,8,namecheap,,,24/09/2026 02:39
5bdcd904-026a-4822-a67e-fc67f143bfe7,sisal.ong,available,16.99,16.99,medium,low,5,name.com,,,17/09/2026 16:39
729e5d71-0d14-44db-baf5-f10626ff6a09,anti.ong,premium,62.5,31.25,high,low,4,name.com,,,
64c4a04c-8d5c-42fc-87fb-8f297207cc7c,blacksmith.ong,available,18.98,24.98,high,low,10,namecheap,,,24/09/2026 03:09
3943ecb3-7fc2-4ce6-88bf-f0914070e2cf,typically.ong,available,16.99,,medium,low,9,name.com,,,
f3966868-1814-4ef6-9cf2-054be2ac8a2e,flogging.ong,available,16.99,16.99,medium,low,8,name.com,,,22/08/2026 20:16
cf5f7259-d6bd-4d9f-8ca3-bd55c931ccf2,petite.ong,available,16.99,16.99,medium,low,6,name.com,,,08/08/2026 14:24
2a836b05-92b6-4ec6-943c-e7ed29f3c129,avian.ong,available,16.99,16.99,high,low,5,name.com,,,07/08/2026 23:17
89819b13-2eab-4e1d-ab66-7731580b181b,plummy.ong,available,18.98,24.98,medium,low,6,namecheap,,,08/09/2026 21:51
bb06a118-bd0d-496f-b051-ca56f1acbed5,staple.ong,available,18.98,24.98,medium,low,6,namecheap,,,10/09/2026 18:45
a1d76a01-49bd-4737-8a48-27ebaf35b2e0,chargeable.ong,available,16.99,16.99,medium,low,10,name.com,,,12/08/2026 02:27
bc189585-177a-4038-a29d-308ed8354aaa,theyre.ong,available,16.99,,medium,low,6,name.com,,,
95273114-6db0-4f5a-a3df-ce465f6a3cbf,efficiency.ong,premium,65,32.5,high,low,10,namecheap,,,24/09/2026 05:23
114d2d3a-f620-46c5-82d5-c0d4421a0fbb,receive.ong,available,16.99,,high,low,7,name.com,,,
c8e1db5a-e225-42c8-baf9-fdcc3c16877b,aengus.ong,available,18.98,24.98,medium,low,6,namecheap,,,17/09/2026 12:29
917dc88e-3f51-4f04-a165-021990f195ff,natives.ong,available,18.98,24.98,medium,low,7,namecheap,,,18/09/2026 01:41
d9a50f0d-994a-4f52-b83b-23eaf74b1d7e,puissant.ong,available,18.98,24.98,medium,low,8,namecheap,,,09/09/2026 05:53
3f692629-3bc7-41e1-8037-f1f56feb2b74,gnarly.ong,available,16.99,16.99,medium,low,6,name.com,,,20/08/2026 15:38
ff8d8819-c043-4394-965e-73ab4226c2ba,hmong.ong,available,16.99,16.99,high,low,5,name.com,,,21/08/2026 10:02
cd0c1338-b23d-427f-818c-55f4f4fdcb30,residue.ong,available,16.99,16.99,high,low,7,name.com,,,09/09/2026 15:05
c84269af-b545-499b-9f17-a3414c79ebb9,wingless.ong,available,16.99,16.99,medium,low,8,name.com,,,13/09/2026 12:31
cec3d65f-2f74-48ca-8257-81ad6c1397cd,apnoeic.ong,available,16.99,16.99,medium,low,7,name.com,,,06/08/2026 00:46
fe85a208-a61c-46aa-8f3d-50da1f1f7d95,noteworthy.ong,available,18.98,24.98,high,low,10,namecheap,,,03/09/2026 22:01
eea182a2-a378-4db4-9f54-738dcba08890,researchers.ong,available,18.98,24.98,medium,low,11,namecheap,,,18/09/2026 17:37
df7b4672-92f0-4c2a-a4fb-e3b432ae49bf,miri.ong,available,18.98,24.98,high,low,4,namecheap,,,16/09/2026 16:35
2f717052-93b0-4454-8d48-57230948f5a9,restlessly.ong,available,18.98,24.98,medium,low,10,namecheap,,,15/09/2026 23:29
f07ef857-1874-48b5-89d4-5c502e411db6,endangered.ong,premium,62.5,31.25,high,low,10,name.com,,,17/08/2026 00:51
db4d96e0-9617-456f-9fc4-91ffa6b25ebf,beda.ong,available,18.98,24.98,high,low,4,namecheap,,,21/09/2026 17:20
6d4a6a52-405b-41b7-9078-96a7b31729db,nonskid.ong,available,18.98,24.98,medium,low,7,namecheap,,,03/09/2026 20:36
f47db3fd-f8bf-4be1-9fde-5af5d337b750,agone.ong,available,16.99,16.99,medium,low,5,name.com,,,
72da9fc6-408e-490c-811b-fbaf14a5ac15,uncreative.ong,available,18.98,24.98,medium,low,10,namecheap,,,12/09/2026 06:24
9a9460e1-37a3-4472-93ff-75a7576a6ed6,enormously.ong,available,18.98,24.98,medium,low,10,namecheap,,,14/09/2026 15:47
3983f4d0-16aa-4dde-87e3-c86aee7f126a,fictional.ong,available,16.99,16.99,high,low,9,name.com,,,17/08/2026 20:18
6b183fdd-d214-4a0e-abfc-ae6cc7b846a4,ruffian.ong,available,16.99,16.99,medium,low,7,name.com,,,11/08/2026 08:41
56f0ab40-4e97-4bed-8f75-cb1a8b1dac4f,collegial.ong,available,16.99,16.99,high,low,9,name.com,,,12/08/2026 17:06
c25a1395-0a54-41dd-8c95-08565de8d775,taunting.ong,available,16.99,16.99,medium,low,8,name.com,,,14/08/2026 02:54
34ec93a5-1ad6-42cc-9685-79819360bee7,baklava.ong,available,18.98,24.98,high,low,7,namecheap,,,21/09/2026 20:21
b49467dc-7cc2-4e54-bee5-ba85e57aad37,endowed.ong,available,16.99,16.99,high,low,7,name.com,,,17/08/2026 01:23
2e3a1606-1a35-4b0c-8faa-2ac245c0f28d,atonement.ong,available,18.98,24.98,high,low,9,namecheap,,,21/09/2026 00:28
29f6b688-5e6f-4dca-947f-f64c14d1cd90,parous.ong,available,18.98,24.98,medium,low,6,namecheap,,,08/09/2026 01:52
020cd9c4-b90c-430e-9a82-83815ea85cd7,allis.ong,available,18.98,24.98,medium,low,5,namecheap,,,18/09/2026 11:06
5cdd4937-039e-4abd-8544-d80dd99e285d,reside.ong,available,18.98,24.98,high,low,6,namecheap,,,24/09/2026 23:25
7a6aeb30-e8ca-4d0b-9e61-b5921d3b2eb5,moustaches.ong,available,18.98,24.98,medium,low,10,namecheap,,,20/09/2026 09:53
43bce712-1236-4349-a196-8cecc96402d1,unuttered.ong,available,18.98,24.98,medium,low,9,namecheap,,,12/09/2026 09:47
467596ab-5b98-415c-a6e3-f4a509c96772,westwood.ong,available,16.99,,high,low,8,name.com,,,
96b9561e-1752-499d-9bf3-2c90a95d7fd7,neritic.ong,available,18.98,24.98,medium,low,7,namecheap,,,03/09/2026 15:41
9a8f984c-2de7-4515-a5ba-576cb8d58ddd,arbitrarily.ong,available,16.99,,medium,low,11,name.com,,,
2aeed73f-9bde-4dc2-9c74-ea7e5952f058,vulnerable.ong,premium,1625,812.5,high,low,10,namecheap,,,13/09/2026 07:24
13cd2d67-a20f-4250-8e07-b04d0f6a737f,cordiality.ong,available,18.98,24.98,high,low,10,namecheap,,,18/09/2026 21:58
afe0b87b-d694-425e-9d07-c7a059b285b2,turbulent.ong,available,16.99,16.99,medium,low,9,name.com,,,14/08/2026 12:26
01fa51bc-0935-48c1-8567-37a41ae7bf60,billboard.ong,available,16.99,,high,low,9,name.com,,,
54f77a1c-31b7-4d23-8dd3-4d05ba3e68d8,faces.ong,available,16.99,,medium,low,5,name.com,,,
e8ad596b-5241-4516-8950-a904ee5d3a46,offenses.ong,available,18.98,24.98,low,low,8,namecheap,,,20/09/2026 10:35
efcd30e9-493a-4904-b963-ab7a0d5d193d,canvasback.ong,available,16.99,16.99,medium,low,10,name.com,,,21/09/2026 10:51
7e81ed61-61c2-4bb0-98d6-7c9ae370160a,billet.ong,available,18.98,24.98,high,low,6,namecheap,,,23/09/2026 10:14
4566a8bb-476a-4001-8f00-895182dc8595,canine.ong,available,16.99,16.99,high,low,6,name.com,,,11/08/2026 16:56
79e13d7f-cf98-41af-8957-a1428ff49b47,description.ong,available,16.99,,high,low,11,name.com,,,
b250b5e0-4dac-4153-bec5-83acbd3e37da,deputy.ong,available,16.99,,high,low,6,name.com,,,
7ea0f14d-d295-4aec-87b8-ea0f10243f8d,forsyth.ong,available,16.72,16.72,high,low,7,dynadot,,,27/09/2026 21:08
c73bb3ed-7271-4bcb-93ad-4fec8cc41b86,emeer.ong,available,18.98,24.98,medium,low,5,namecheap,,,18/09/2026 18:00
244e07f8-7ab1-4e35-aa09-ec4c98d5d556,whorled.ong,available,16.99,16.99,medium,low,7,name.com,,,12/08/2026 16:18
b8bcff4f-0d71-4ca3-8827-ed95b994f419,alexandra.ong,available,18.98,24.98,medium,low,9,namecheap,,,27/09/2026 02:30
b540b603-a03b-405e-b942-59ca7cfde2da,lxxx.ong,available,16.99,16.99,medium,low,4,name.com,,,
183ba15d-36df-4b18-96d3-0162eddb7db7,conformity.ong,available,18.98,24.98,high,low,10,namecheap,,,16/09/2026 15:32
531db2cd-49d2-4b55-81a0-882ea6c42cbf,pentad.ong,available,16.99,16.99,medium,low,6,name.com,,,
9e5e667a-1a69-438b-9e1d-f78890e60101,choirs.ong,available,18.98,24.98,medium,low,6,namecheap,,,17/09/2026 06:51
5874f3f0-aaea-441e-ae8f-c406bba8d2f9,ferial.ong,available,16.99,16.99,medium,low,6,name.com,,,18/08/2026 01:56
1d16dbc9-5fbc-4adc-9afc-3f9150c0162f,unfixed.ong,available,16.99,16.99,medium,low,7,name.com,,,12/09/2026 10:28
a7e9a68f-66ae-47d7-b9c3-7c0093de23ea,corpse.ong,available,18.98,24.98,medium,low,6,namecheap,,,25/09/2026 22:01
75e95223-4315-471d-8180-df3b08d48d31,akhenaten.ong,available,18.98,24.98,medium,low,9,namecheap,,,17/09/2026 23:57
d434fe68-60fb-466b-bab5-31f44f947731,anhydride.ong,available,18.98,24.98,medium,low,9,namecheap,,,19/09/2026 08:24
3e85a4c2-e9ab-49ff-bfa6-58e6b0885de3,nicely.ong,available,18.98,24.98,high,low,6,namecheap,,,15/09/2026 16:32
3cac79f1-b44d-4538-8c9e-2f9dc0d4c20b,giza.ong,available,16.99,,high,low,4,name.com,,,
8e252a94-6cba-4018-aa43-620461b69eaf,fruitcake.ong,available,18.98,24.98,medium,low,9,namecheap,,,10/09/2026 00:13
3db9ce67-98e2-4294-929f-48448646179d,unflagging.ong,available,16.99,16.99,high,low,10,name.com,,,22/08/2026 02:31
63919d38-57cd-4701-bb8d-918a8c1609a9,practical.ong,available,16.99,16.99,high,low,9,name.com,,,21/08/2026 00:29
afd0f79f-1def-4f28-9472-7996a52598f7,antapex.ong,available,18.98,24.98,medium,low,7,namecheap,,,19/09/2026 12:32
f50d3227-7a5f-4826-8af5-89a169d2f07c,cas.ong,available,16.72,16.72,high,low,3,dynadot,,,27/09/2026 23:14
68c22e41-155c-468e-adf2-b9041c852c0a,blackwood.ong,available,18.98,24.98,high,low,9,namecheap,,,24/09/2026 03:25
a9c29d13-b527-466c-bdc3-98848bb299f9,archean.ong,available,16.99,16.99,medium,low,7,name.com,,,06/08/2026 15:05
6b732ea9-bc88-4488-b298-101a2ed5991c,cuba.ong,available,,,high,high,4,,,,
d18fcdb7-2c09-40b5-a193-b9b1a10e6510,rubberize.ong,available,18.98,24.98,high,medium,9,namecheap,,,09/09/2026 19:13
22882b34-7565-40b6-827c-8959791157e1,divide.ong,available,18.98,24.98,high,low,6,namecheap,,,27/09/2026 20:14
54e2a881-efa1-4555-a682-79f2354291ff,aden.ong,available,18.98,24.98,medium,low,4,namecheap,,,17/09/2026 07:22
dd74e46d-2d74-43b7-94e0-16162d22626a,rodin.ong,available,18.98,24.98,high,low,5,namecheap,,,21/09/2026 03:57
7c877a2f-30f5-4fbf-9c77-092a22afae2a,battue.ong,available,18.98,24.98,medium,low,6,namecheap,,,22/09/2026 16:30
ef0f44bc-4271-4f4a-94cf-a8d5e047297e,colonic.ong,available,16.99,16.99,medium,low,7,name.com,,,12/08/2026 17:22
01f5314b-0745-41f5-8cb5-24cf2bdd1a10,prescribed.ong,available,16.99,16.99,medium,low,10,name.com,,,13/08/2026 22:17
5fe14f59-88f7-45f0-a4ff-6d85cdf26a2c,newsworthy.ong,available,18.98,24.98,high,low,10,namecheap,,,03/09/2026 16:53
013cca41-b0a3-425e-80c4-6a2384f05fed,greenly.ong,available,18.98,24.98,medium,low,7,namecheap,,,14/09/2026 22:19
3c16dfee-5b29-4187-95aa-a72618585862,smoothen.ong,available,18.98,24.98,medium,low,8,namecheap,,,08/09/2026 23:04
ae7306ac-8658-43d6-b2aa-af5b946cab7f,nord.ong,available,15.2,15.2,high,low,4,cloudflare,,,27/09/2026 18:56
1b366eb9-f5ad-46c1-8fad-565acdbf80b7,moldovan.ong,available,16.99,16.99,high,low,8,name.com,,,25/08/2026 03:50
85940c5a-5473-43cc-b290-7c59c7a5977b,trier.ong,available,16.99,16.99,medium,low,5,name.com,,,21/09/2026 01:21
ba8759c6-32ee-42f0-92af-b143255d537c,boone.ong,available,16.99,16.99,high,low,5,name.com,,,25/09/2026 01:56
a0659f32-6823-416f-855a-c74672196602,belisarius.ong,available,18.98,24.98,medium,low,10,namecheap,,,23/09/2026 05:17
c38e0f38-9f84-4dbf-b275-e99572e33a9c,shag.ong,available,16.99,16.99,medium,low,4,name.com,,,18/08/2026 17:33
cf15c7ae-9ced-43dd-8d83-4a85dbd18852,rex.ong,available,18.98,24.98,high,low,3,namecheap,,,27/09/2026 04:37
58a5f09d-4bf0-48d1-9365-558ea20bb563,transported.ong,available,18.98,24.98,medium,low,11,namecheap,,,16/09/2026 07:05
b5ae0336-7daa-4e8b-af5e-bedab3392819,nacreous.ong,available,18.98,24.98,medium,low,8,namecheap,,,03/09/2026 12:37
93029434-fe5d-4665-bef6-15ffb0bf787b,doubtful.ong,available,18.98,24.98,medium,low,8,namecheap,,,24/09/2026 11:52
e3b4ace0-4c81-4593-a33c-d036d98d484c,middletown.ong,available,15.2,15.2,high,low,10,cloudflare,,,27/09/2026 21:20
75528576-0a0e-4f3c-9743-0aa73e1c3d3d,stunned.ong,available,16.99,16.99,high,low,7,name.com,,,22/09/2026 03:44
48d7fe41-af35-428d-ae1d-00c21f8b5aaa,panipat.ong,available,18.98,24.98,medium,low,7,namecheap,,,22/09/2026 15:36
1e3c58d8-cf69-4cef-8a42-1523eee224ef,structure.ong,available,18.98,24.98,high,low,9,namecheap,,,25/09/2026 03:58
cd576684-6bfe-4d91-8052-bac4f9ef6606,visitors.ong,available,18.98,24.98,high,low,8,namecheap,,,18/09/2026 16:57
3956f76f-656a-44c5-91f4-2580a5ef4a44,completing.ong,available,18.98,24.98,high,low,10,namecheap,,,23/09/2026 17:20
b3658ec2-48e8-45cd-be27-8667fcfeba1a,annotation.ong,available,18.98,24.98,high,low,10,namecheap,,,19/09/2026 10:38
04c571b8-26c0-4834-99dd-460f6d9a52f2,arugula.ong,available,18.98,24.98,high,low,7,namecheap,,,20/09/2026 12:10
0ad770ae-2ebc-49b9-97eb-5b1c55491daa,terence.ong,available,16.72,16.72,medium,low,7,dynadot,,,27/09/2026 15:27
3a653494-af79-4842-a485-41070a3e194d,idempotent.ong,available,16.99,16.99,medium,low,10,name.com,,,21/08/2026 18:03
f5a572b4-28f1-4fad-a28f-b00f6444fe61,shoat.ong,available,18.98,24.98,high,medium,5,namecheap,,,08/09/2026 19:35
a4ab73e6-b441-4ca2-86cb-227476227844,disrupt.ong,available,16.99,16.99,high,low,7,name.com,,,13/08/2026 12:40
63babf74-9efd-47a1-8142-296c0f55b29c,funds.ong,available,16.99,,high,low,5,name.com,,,
0f938a2d-6bca-4b8f-8500-c8b362c07434,sausage.ong,available,16.99,,high,low,7,name.com,,,
2923371f-ad30-4a73-9ec9-d6e589ce2da2,deadlocked.ong,available,16.99,16.99,medium,low,10,name.com,,,13/08/2026 19:27
f56e8b2c-ee97-46de-9d2a-2b59a47c959b,native.ong,available,18.98,24.98,high,low,6,namecheap,,,03/09/2026 13:45
b0c1c0cf-589d-44f0-81d4-23b1040c65e9,spectral.ong,available,16.99,16.99,high,low,8,name.com,,,06/08/2026 05:38
1b7d21cb-1a4f-4996-99a7-bcba64cf1032,balaclava.ong,available,18.98,24.98,medium,low,9,namecheap,,,21/09/2026 20:27
803bee9b-ea5c-4f11-afdc-8e064ac15283,digitizer.ong,available,18.98,24.98,high,low,9,namecheap,,,19/09/2026 01:49
d071a10f-531a-42e7-8e7f-ddb5d05635cd,quotes.ong,available,18.98,24.98,high,low,6,namecheap,,,18/09/2026 21:27
db2775b6-38c3-4156-a215-7374d48fb868,malthusian.ong,available,16.99,16.99,medium,low,10,name.com,,,24/08/2026 14:17
f666576c-5d0f-4cb8-b76c-e38292ed341e,titus.ong,available,18.98,24.98,high,low,5,namecheap,,,25/09/2026 05:37
47219f51-f072-4c90-ad09-46a8208f2abd,unbranded.ong,available,16.99,16.99,medium,low,9,name.com,,,12/09/2026 04:29
eacb8dd6-a355-47a5-8063-42b4fc3bf825,soil.ong,available,18.98,24.98,high,low,4,namecheap,,,24/09/2026 02:55
ffab8bd8-5c04-439f-9fb5-89d640e79d86,etch.ong,available,16.99,,high,low,4,name.com,,,
316c8a6f-cbe6-468d-9c26-e72b50fb0f12,preteen.ong,available,18.98,24.98,high,medium,7,namecheap,,,09/09/2026 01:08
49506c85-7f01-4bd8-820b-7eb9578f2ccd,fitfully.ong,available,18.98,24.98,medium,low,8,namecheap,,,14/09/2026 18:43
fd027c73-d34a-49d6-ac99-69cfc4a55fb9,blooded.ong,available,16.99,16.99,high,low,7,name.com,,,10/08/2026 15:18
0d1c896d-1e29-4a25-95a0-d8fa8ff340b1,saws.ong,available,18.98,24.98,medium,low,4,namecheap,,,20/09/2026 09:02
084c842a-80a5-4c6e-9500-69d5012d4e71,meat.ong,available,18.98,24.98,high,low,4,namecheap,,,14/09/2026 23:51
98ef9546-1c16-45b5-bc5a-c5248d01cb2f,babushka.ong,available,18.98,24.98,high,low,8,namecheap,,,21/09/2026 12:58
ad9c5a4c-7e18-4e67-b7ab-fea9d95d2829,out.ong,available,18.98,24.98,high,low,3,namecheap,,,25/09/2026 17:35
1c36c322-0c0c-437a-af3f-a728c88956ea,llp.ong,available,16.99,,high,low,3,name.com,,,
06afbcbb-0ee0-4f17-aa85-ee68ba6e23b4,abstractor.ong,available,18.98,24.98,medium,low,10,namecheap,,,16/09/2026 18:29
0fd1eb30-c242-4ad3-a962-61310bb9eac7,actium.ong,available,18.98,24.98,medium,low,6,namecheap,,,17/09/2026 05:08
40930bb9-a1d3-409a-9b0f-c0ba620916f5,dominance.ong,available,16.99,,high,low,9,name.com,,,
048de5b6-b825-470c-8d83-05e4683f813f,communism.ong,available,18.98,24.98,high,low,9,namecheap,,,24/09/2026 16:38
25a812fa-d1ca-4aaa-8666-2a4abd1c65dd,erect.ong,available,16.99,16.99,high,low,5,name.com,,,17/08/2026 12:04
a7f30477-6041-4591-b188-646b4edce503,ineptitude.ong,available,18.98,24.98,medium,low,10,namecheap,,,21/09/2026 10:06
b89522cf-b022-48bc-a842-ceab8c32a0af,alluvium.ong,available,18.98,24.98,medium,low,8,namecheap,,,18/09/2026 12:20
929cc14f-010e-4ac3-bb13-390a2e098f7a,deist.ong,available,16.99,16.99,medium,low,5,name.com,,,14/08/2026 00:15
b82fd286-929e-47d4-8e7c-697a404601fa,westminster.ong,available,16.99,,high,low,11,name.com,,,
d542f814-7f23-40fe-86ba-c10e7d69a581,weakness.ong,available,16.99,16.99,medium,low,8,name.com,,,17/08/2026 20:45
f952dd08-0fa6-4728-90d5-1e182cd34239,abel.ong,available,18.98,24.98,high,low,4,namecheap,,,16/09/2026 14:57
87fbdfa4-6cf0-4e76-9fbe-a1bb938de4ec,citywide.ong,available,16.99,16.99,high,low,8,name.com,,,12/08/2026 09:00
2b2f8cd9-38c7-49d6-a48f-8d6ae8914791,soporific.ong,available,16.99,16.99,medium,low,9,name.com,,,21/08/2026 16:58
2dc6f45b-2431-4325-a288-dfa6938b01d9,graspable.ong,available,16.99,16.99,medium,low,9,name.com,,,06/08/2026 08:18
a08df32a-65be-457d-9d7f-d38c3bf6e0b1,arachnida.ong,available,18.98,24.98,medium,low,9,namecheap,,,19/09/2026 23:41
be277c3c-28cd-4353-b37a-dce59b314b60,options.ong,available,18.98,24.98,high,low,7,namecheap,,,19/09/2026 14:29
d860d8b3-e013-4574-9077-cbdd0c07dbc4,collateral.ong,available,16.99,16.99,high,low,10,name.com,,,12/08/2026 16:42
bb70ac41-c0e2-439b-9276-8b5fb9a3bb1a,drycleaning.ong,available,18.98,24.98,high,low,11,namecheap,,,21/09/2026 04:39
e48a3e22-1cc9-4c75-adf0-f50556f3e7c4,image.ong,available,18.98,24.98,high,medium,5,namecheap,,,23/09/2026 07:57
081bb425-a5ff-49a3-b29f-46b2d5febc93,facilitation.ong,premium,65,32.5,high,low,12,namecheap,,,17/09/2026 01:02
b63491d3-d903-4c23-a9c2-340f31d99659,lithuania.ong,available,,,high,high,9,,,,
2df534e1-93db-43c3-a3cd-fd67bf46124d,foil.ong,available,18.98,24.98,high,low,4,namecheap,,,09/09/2026 08:18
4dbb5f82-ec85-47cb-9b54-c2f39404710b,veterans.ong,available,18.98,24.98,high,low,8,namecheap,,,18/09/2026 11:06
e64f5970-c0ec-4bae-ae3c-0f93e34d53e4,rhode.ong,available,16.99,16.99,high,low,5,name.com,,,25/09/2026 15:06
7a36d144-78ed-441f-b8a6-2ecc1d3fc37c,ataraxis.ong,available,18.98,24.98,medium,low,8,namecheap,,,20/09/2026 19:42
4481d707-6f07-4e92-b530-e91f46a3b848,apatura.ong,available,18.98,24.98,medium,low,7,namecheap,,,19/09/2026 16:22
4f07310c-60bd-44f4-9eb3-949af2d1b13f,font.ong,available,18.98,24.98,high,low,4,namecheap,,,22/09/2026 03:31
40ba5214-44cf-4f2a-b3cf-af15abaa7c44,distracted.ong,available,16.99,16.99,medium,low,10,name.com,,,14/08/2026 13:08
c6d54047-1e1c-4c28-a272-e5da898f6fb5,amends.ong,available,18.98,24.98,high,low,6,namecheap,,,18/09/2026 18:41
a47d2018-ac68-43da-b5c6-10a8b394d39e,peacemaker.ong,available,18.98,24.98,high,low,10,namecheap,,,24/09/2026 10:53
6138a8e9-c44e-48c8-91ad-6cb8b1bf5148,flabby.ong,available,16.99,16.99,medium,low,6,name.com,,,18/08/2026 06:05
4b023294-8097-4b9a-8030-ad1c4d02d9d2,blocking.ong,available,18.98,24.98,high,low,8,namecheap,,,28/09/2026 00:53
43f53a96-cfc9-43ea-aba0-78cb814d6793,threadfish.ong,available,18.98,24.98,medium,low,10,namecheap,,,18/09/2026 04:49
981c9440-6513-4852-bc80-ce37820157d2,otic.ong,available,16.99,16.99,medium,low,4,name.com,,,07/08/2026 17:41
cde122f8-6c04-46d6-b845-55b96e079bd1,tortrix.ong,available,18.98,24.98,medium,low,7,namecheap,,,20/09/2026 05:04
72dbf017-bff1-4e28-99fc-a5d5f3121799,looks.ong,available,16.99,,high,low,5,name.com,,,
63f748e2-eeae-4d84-ac09-81d9b1596dbb,luck.ong,available,16.99,,high,low,4,name.com,,,
d8287b30-7d45-4656-82af-a80ae49a9b36,liqueur.ong,available,16.99,16.99,high,low,7,name.com,,,13/08/2026 01:02
f933498e-9219-4ea8-8c46-a15e2ff8050d,tegular.ong,available,18.98,24.98,medium,low,7,namecheap,,,11/09/2026 10:16
f4009c2c-ead5-4619-956a-788c299c64cb,infallible.ong,available,16.99,16.99,high,low,10,name.com,,,22/08/2026 04:05
23e2ee23-5e35-47b8-87ac-822b0e51b89e,saddening.ong,available,16.99,,medium,low,9,name.com,,,
8580beda-0ba4-4d35-b43d-3bf58cdcc470,ticket.ong,available,18.98,24.98,high,low,6,namecheap,,,24/09/2026 18:18
dcc4c1a9-f682-464d-a84f-5f41ea3fd140,alula.ong,available,18.98,24.98,high,low,5,namecheap,,,18/09/2026 15:04
6e511f86-c15a-47fb-9b56-664a89db899b,were.ong,available,16.99,,high,low,4,name.com,,,
2504e5d5-3187-442b-a33f-9c193f36d0e2,eleventh.ong,available,16.99,16.99,high,low,8,name.com,,,
6138c21e-2c61-4619-a883-89733160e22c,brave.ong,available,18.98,24.98,high,medium,5,namecheap,,,22/09/2026 12:10
8c64e14b-786b-4511-b504-21b158bf3ae0,cherokee.ong,premium,65,32.5,high,low,8,namecheap,,,24/09/2026 14:17
a44038eb-b2c1-4c7a-bb28-d2cc88573a20,immorality.ong,available,16.99,16.99,medium,low,10,name.com,,,17/08/2026 15:04
22129bb7-2dfb-4415-8d9e-6bda7b3874c2,humongous.ong,available,16.99,16.99,medium,low,9,name.com,,,08/08/2026 12:58
88769c12-4395-44d3-81e6-c79a915d5e2e,godhead.ong,available,16.99,16.99,medium,low,7,name.com,,,
1534599f-6c0a-47b3-bf37-c24f1763b13d,sly.ong,available,18.98,24.98,high,low,3,namecheap,,,24/09/2026 01:29
f8e36846-8980-466e-a638-ea8a8393ae54,carousing.ong,available,16.99,16.99,medium,low,9,name.com,,,08/08/2026 04:24
e0c8a49b-fefa-4274-b628-eeae12bc7b4c,wakening.ong,available,16.99,,high,low,8,name.com,,,
3f0d0d4c-709e-441d-bf4a-4a7955cd0899,nightly.ong,available,18.98,24.98,high,low,7,namecheap,,,03/09/2026 17:22
8eb09110-fc42-4f9f-873a-36ea915be159,resist.ong,available,18.98,24.98,high,low,6,namecheap,,,21/09/2026 22:09
3b69b710-0132-46a1-8786-14aec9076b8a,dietrich.ong,available,18.98,24.98,high,low,8,namecheap,,,27/09/2026 03:44
7f6b19f2-214c-4103-b979-366fc71c9a77,gummy.ong,available,16.99,16.99,high,low,5,name.com,,,20/08/2026 15:20
c8c51028-6829-4dad-a1f8-278fc10dc65b,cities.ong,premium,62.5,31.25,medium,low,6,name.com,,,27/09/2026 09:25
cd31788c-c651-40c7-955e-39d6b3cad8f4,expense.ong,available,18.98,24.98,high,low,7,namecheap,,,24/09/2026 22:30
235b0467-6bf7-4dc2-9442-9e82c74af252,famed.ong,available,16.99,16.99,high,low,5,name.com,,,11/08/2026 23:12
ead78e8a-c144-418c-98b2-44fca8611396,richness.ong,available,18.98,24.98,high,low,8,namecheap,,,17/09/2026 14:41
bb1aa8cf-740b-4260-b5be-1426ab2dd44f,ang.ong,available,18.98,24.98,high,low,3,namecheap,,,17/09/2026 22:42
6a407491-0fc8-4bb7-a8d7-d6df44587a56,felonious.ong,available,16.99,16.99,medium,low,9,name.com,,,18/08/2026 00:58
15612186-4339-455a-9f4d-2d55aa73712e,motivating.ong,available,16.99,16.99,high,low,10,name.com,,,25/08/2026 07:36
bd13c049-2925-4831-9cc7-fbf10a25e89a,bambusa.ong,available,18.98,24.98,medium,low,7,namecheap,,,22/09/2026 00:41
24140446-2e53-43b6-ac00-e982d5a4d536,ahriman.ong,available,18.98,24.98,medium,low,7,namecheap,,,17/09/2026 20:33
3452dd6a-f69d-47d8-b311-6b299dbc6be7,schoenberg.ong,available,18.98,24.98,medium,low,10,namecheap,,,20/09/2026 08:21
beceeb9c-0c78-40a2-a26a-50900eac7b25,hookup.ong,available,16.99,,high,low,7,name.com,,,
43e0689c-41c0-4eea-bc8c-6c7baad9e1dd,biogenesis.ong,available,16.99,16.99,high,low,10,name.com,,,23/09/2026 18:02
e25bd4e1-d51d-411d-998d-e04c3d6a1067,storyboards.ong,available,18.98,24.98,medium,low,11,namecheap,,,20/09/2026 14:39
4b3c32a9-9a2e-4a3c-9ec5-fe6b080564a0,anabatic.ong,available,16.99,16.99,medium,low,8,name.com,,,
7ca09937-de1c-4334-a863-1a09332e819f,hell.ong,available,16.99,,high,low,4,name.com,,,
d900bff2-b322-41c8-b153-a1f6a109b7b4,attenuate.ong,available,16.99,16.99,medium,low,9,name.com,,,07/08/2026 15:21
a9c032b5-8a36-4886-a6f0-7d528935c1ec,busily.ong,available,18.98,24.98,medium,low,6,namecheap,,,14/09/2026 01:53
16e7f1ee-ded4-4806-90b4-6ff55c846dca,meditative.ong,available,16.99,16.99,high,low,10,name.com,,,11/08/2026 05:56
00ee395e-f18e-4185-9293-a258b182a3e4,xii.ong,available,18.98,24.98,high,low,3,namecheap,,,21/09/2026 11:25
e0881b5d-b859-4aba-b6d1-f66989e9d47f,raptorial.ong,available,18.98,24.98,high,medium,9,namecheap,,,09/09/2026 10:23
b56fe3f6-135a-4b4b-9cc6-d0ab54ed0efa,pilots.ong,available,18.98,24.98,medium,low,6,namecheap,,,28/09/2026 00:23
b34f06a4-05a4-4b10-ad03-af7c5a6a3547,airlock.ong,available,18.98,24.98,high,low,7,namecheap,,,17/09/2026 22:33
d85368ef-31a2-469f-a1e3-292e4b0c0db5,columbine.ong,available,18.98,24.98,medium,low,9,namecheap,,,19/09/2026 23:13
2f637c33-2328-4196-ab80-7af76f4e447a,tamarack.ong,available,18.98,24.98,medium,low,8,namecheap,,,18/09/2026 20:18
5f792e02-7f42-48f4-8017-61239d44852f,favorable.ong,available,18.98,24.98,high,low,9,namecheap,,,24/09/2026 17:21
eacc0856-67b3-49ee-a1c9-4d4c354ccb08,redness.ong,available,18.98,24.98,high,medium,7,namecheap,,,09/09/2026 12:08
54d96b8d-e5c1-4eca-9189-5fcd767d57a5,warehouse.ong,available,18.98,24.98,high,low,9,namecheap,,,27/09/2026 06:03
d1f975bb-1d01-4cbc-920f-e152dc7e5794,buses.ong,available,18.98,24.98,medium,low,5,namecheap,,,18/09/2026 13:34
ece917b0-bd66-463f-94c4-45b1a463101d,dazzlingly.ong,available,18.98,24.98,medium,low,10,namecheap,,,14/09/2026 10:58
511a5747-2f01-488f-b6cf-4d7ecb935810,fledged.ong,available,16.99,16.99,high,low,7,name.com,,,18/08/2026 07:25
91338113-7f33-4d2a-b973-16ba218ec7ac,coalesced.ong,available,16.99,16.99,medium,low,9,name.com,,,
6e7bf50d-1d8d-4429-a1dd-5984aa74db7e,updates.ong,available,18.98,24.98,medium,low,7,namecheap,,,20/09/2026 08:39
12a160f6-f726-4e5c-9def-d694d2f6177f,source.ong,available,18.98,24.98,high,medium,6,namecheap,,,25/09/2026 22:58
2a687872-c75b-4b16-8a69-089025f27369,arced.ong,available,16.99,16.99,medium,low,5,name.com,,,06/08/2026 14:28
90aa1a2e-c190-487a-bfff-177f7113b191,jones.ong,available,18.98,24.98,high,low,5,namecheap,,,25/09/2026 00:23
c51b953a-83f0-45b3-8f2c-e75d3b1d44f0,subject.ong,available,18.98,24.98,high,low,7,namecheap,,,03/09/2026 13:38
16aaca0b-097c-4ba2-948b-ba939c1fb90f,investor.ong,premium,62.5,,high,medium,8,name.com,,,
c39dda06-7cfe-4f9c-9188-ec3d6864583b,draconian.ong,available,16.99,16.99,medium,low,9,name.com,,,14/08/2026 18:10
dc2b2db0-a79e-47da-b4b8-82b9831cb306,murders.ong,available,16.99,16.99,low,low,7,name.com,,,25/09/2026 21:34
adf38dec-eca7-46e4-9af8-190d4086b40d,abandon.ong,available,16.99,16.99,high,low,7,name.com,,,14/08/2026 03:52
230b7d71-af14-4ef8-980b-0215b779e9d4,landscape.ong,available,18.98,24.98,high,low,9,namecheap,,,25/09/2026 04:23
1e9e1a75-0643-4a0c-8106-1e8f303eb489,hua.ong,available,18.98,24.98,high,low,3,namecheap,,,18/09/2026 01:18
64bf92f2-649f-4ec9-aca7-faed8e80447f,morrison.ong,available,16.99,16.99,high,low,8,name.com,,,25/09/2026 04:14
b16e2a6d-9ec9-4a68-8f29-83879fa193cd,paper.ong,available,16.99,,high,low,5,name.com,,,
411ea85b-c8a9-4a04-8bdc-cdab8d160011,intrepid.ong,available,18.98,24.98,high,low,8,namecheap,,,22/09/2026 12:24
42f436fd-431d-4c4a-9296-7d00cde8882f,landed.ong,available,16.99,16.99,high,low,6,name.com,,,22/08/2026 19:22
23adaf3c-b3f4-4ff8-aa83-ebad11068431,group.ong,premium,65,32.5,high,low,5,namecheap,,,27/09/2026 09:25
361a76fe-852f-43d1-845b-09aa3dc9027a,burger.ong,available,16.99,,high,low,6,name.com,,,
a5c6d34e-91b3-41c1-9094-223068fc27db,scar.ong,available,18.98,24.98,high,low,4,namecheap,,,24/09/2026 15:00
66ed74f7-eb16-44c0-bbea-8d84c8d6a572,billabong.ong,available,18.98,24.98,high,medium,9,namecheap,,,23/09/2026 16:06
afe055b9-febf-4318-bd72-db5afa4a6da6,taxing.ong,available,16.99,16.99,medium,low,6,name.com,,,11/08/2026 10:33
35c557b9-9550-4d4d-9d54-66dadf1b932a,ordering.ong,available,18.98,24.98,high,low,8,namecheap,,,27/09/2026 15:05
5aa2e1d8-ce08-4004-a805-c9d22fc05663,audiology.ong,available,18.98,24.98,high,low,9,namecheap,,,21/09/2026 02:56
561b5386-c2c6-4ced-bcc2-bc9fecb55604,rhombic.ong,available,16.99,16.99,medium,low,7,name.com,,,09/09/2026 16:43
7c86449b-42b8-449c-bf42-0b11479aee5e,athena.ong,available,18.98,24.98,high,medium,6,namecheap,,,20/09/2026 20:35
36cf0c21-5be5-4598-a267-7dd91a7ed9c4,quadruped.ong,available,16.99,16.99,medium,low,9,name.com,,,18/08/2026 13:30
1f209167-99b7-4ff6-8fa5-c0bb2039122f,baronial.ong,available,16.99,16.99,medium,low,8,name.com,,,08/08/2026 20:11
63570e03-3828-4216-8a15-64b199350b99,sucker.ong,available,18.98,24.98,high,low,6,namecheap,,,18/09/2026 08:56
0339f37a-03f8-47af-bae4-1d42d5e1d4d1,renunciant.ong,available,18.98,24.98,medium,low,10,namecheap,,,09/09/2026 14:23
b37c549a-c1d6-4053-910a-45cc2eebb927,admass.ong,available,18.98,24.98,medium,low,6,namecheap,,,17/09/2026 08:43
c26d6698-9e0a-4cac-b34e-75f797b24b20,ayurveda.ong,available,18.98,24.98,high,low,8,namecheap,,,21/09/2026 10:52
fd02d357-f144-4c31-ae78-46aa3bbe61d1,depress.ong,available,16.99,,high,low,7,name.com,,,
bf52e5b4-eada-41df-ad2f-4fee88120289,pursuit.ong,available,18.98,24.98,high,low,7,namecheap,,,21/09/2026 09:41
2e74c7a2-60a8-45d1-a105-589a4ffdd65b,bearish.ong,available,16.99,16.99,medium,low,7,name.com,,,09/08/2026 04:48
38e4c383-eadc-4f33-9cc4-816c84df5462,crowns.ong,available,18.98,24.98,medium,low,6,namecheap,,,18/09/2026 06:26
8d13bf34-c684-483c-b82f-5aefea9b727e,bihari.ong,available,18.98,24.98,medium,low,6,namecheap,,,23/09/2026 15:31
c108e2d7-6c57-4e0c-ac86-42d50a44a82a,sylvan.ong,available,18.98,24.98,high,medium,6,namecheap,,,10/09/2026 08:11
cf4086cd-fbde-4896-8002-35eac531fa6c,curricular.ong,available,16.99,16.99,high,low,10,name.com,,,13/08/2026 11:29
45eed601-fbc8-46c2-b549-e7518531f709,maria.ong,available,18.98,24.98,high,low,5,namecheap,,,24/09/2026 11:49
d067691f-1e6a-4771-9824-8007ab261dcd,lunger.ong,available,16.99,16.99,medium,low,6,name.com,,,12/08/2026 23:06
ed0ec247-44e6-4ba7-a923-1a7e504cf4f3,biosafety.ong,available,18.98,24.98,high,low,9,namecheap,,,23/09/2026 18:56
a07c1b74-396d-421b-814e-df1ae2640be1,bestiality.ong,available,18.98,24.98,medium,low,10,namecheap,,,23/09/2026 10:39
16654275-3559-4069-885e-5dda6742d3ad,aztecan.ong,available,18.98,24.98,high,low,7,namecheap,,,21/09/2026 11:37
37af732d-feb5-4950-832d-f90474ca15f8,balinese.ong,available,18.98,24.98,high,low,8,namecheap,,,21/09/2026 22:03
d4de2fa2-14bf-46e6-bf71-d2e580747c14,agitated.ong,available,16.99,16.99,medium,low,8,name.com,,,
b40db621-ace3-44e6-a102-cac9acea463d,toulouse.ong,available,18.98,24.98,high,low,8,namecheap,,,27/09/2026 05:47
795686e5-31d5-4fa2-b16a-fced5b03c58f,aristotle.ong,available,18.98,24.98,high,low,9,namecheap,,,20/09/2026 05:59
acbacc2d-cb04-45f1-aedf-1fb1223a1149,downsizing.ong,available,18.98,24.98,medium,low,10,namecheap,,,24/09/2026 23:41
64f6ec99-7925-4b5e-bcbe-271636904bf1,apatite.ong,available,18.98,24.98,medium,low,7,namecheap,,,19/09/2026 16:18
2d16dac0-8262-4cd8-abdd-1c47a9b2c675,millennial.ong,available,16.99,16.99,high,low,10,name.com,,,24/08/2026 23:16
6d708979-ba89-4600-bb40-6739a691dcbc,roamer.ong,available,18.98,24.98,high,low,6,namecheap,,,23/09/2026 20:14
8fed97ed-e6f5-4adc-9cd8-e8c4b57c3692,patchy.ong,available,18.98,24.98,medium,low,6,namecheap,,,08/09/2026 10:20
903a3ad9-6604-424d-8b61-9ac8dd4791d7,digitally.ong,available,18.98,24.98,high,low,9,namecheap,,,25/09/2026 04:06
74222bc1-be91-4090-a459-c5d413500d3a,colorize.ong,available,16.99,16.99,medium,low,8,name.com,,,12/08/2026 17:34
f18859c2-3c79-4df9-b914-d0de0b65ac72,irreverent.ong,available,16.99,16.99,medium,low,10,name.com,,,20/08/2026 16:04
e080793e-a63a-49cc-a824-d1fce0103731,arrowsmith.ong,available,18.98,24.98,medium,low,10,namecheap,,,20/09/2026 09:31
beeed829-0c0d-44f7-a61e-c21bcd7c660f,leaded.ong,available,16.99,16.99,medium,low,6,name.com,,,22/08/2026 21:42
4a21cd7f-3479-41bf-a1fe-1b3fb7805475,dripless.ong,available,16.99,16.99,medium,low,8,name.com,,,14/08/2026 19:31
9881c783-0d5d-4e31-8ae9-a0040f2e90a8,minor.ong,available,18.98,24.98,high,low,5,namecheap,,,25/09/2026 20:28
5b0ed0c3-e281-48ba-8f50-d2643ae6b98e,agnate.ong,available,16.99,16.99,medium,low,6,name.com,,,
6eb6ec70-f323-4d2c-b7b0-b92bf64127a1,cyclonic.ong,available,16.99,16.99,medium,low,8,name.com,,,13/08/2026 13:42
14513a2a-156e-4d74-9488-bb43bace3dd7,pillock.ong,available,18.98,24.98,low,low,7,namecheap,,,10/09/2026 23:13
d6b9bdf0-8d54-4ef4-b23c-873edcb65daa,seconded.ong,available,18.98,24.98,medium,low,8,namecheap,,,20/09/2026 15:37
6560b236-7430-4234-b22e-e1f456e80535,decide.ong,premium,625,,high,low,6,name.com,,,
47c73c7b-c7f7-4c29-89e4-077f1d1d5780,tel.ong,available,16.99,,high,low,3,name.com,,,
32088050-c3b9-434a-bd8d-4411b47d96ae,adherence.ong,available,18.98,24.98,high,low,9,namecheap,,,17/09/2026 07:58
69ed9138-f93d-4ca3-8e41-c7daaa1c9a34,secondary.ong,available,18.98,24.98,high,low,9,namecheap,,,25/09/2026 12:14
1870e278-12ed-4812-8978-b47334d7a90a,meliorist.ong,available,18.98,24.98,high,medium,9,namecheap,,,09/09/2026 12:46
e41d72e2-2c66-4819-9676-5c9f6ac34fcc,larder.ong,available,16.99,16.99,medium,low,6,name.com,,,11/08/2026 11:56
2d3d94e7-c664-4ea2-9d1b-81a4e80105b5,organizations.ong,available,16.99,,medium,low,13,name.com,,,
df33dc37-8541-45ef-9d86-f3186bc9e94f,archer.ong,available,18.98,24.98,high,low,6,namecheap,,,20/09/2026 01:54
aaff458c-9f26-40cf-88dc-e5264b7bf239,blase.ong,available,16.99,16.99,medium,low,5,name.com,,,10/08/2026 13:19
3efe710a-5f5b-48ed-b793-30693c08d6b2,doc.ong,available,18.98,24.98,high,medium,3,namecheap,,,24/09/2026 16:30
a5e397c7-df81-429f-8cdd-9f2816bc5fd0,rugged.ong,available,16.99,16.99,high,low,6,name.com,,,18/08/2026 18:56
080b4d26-ede9-4d7d-99fc-ef9ff900b4f3,downwind.ong,available,16.99,16.99,medium,low,8,name.com,,,14/08/2026 18:03
6f8a8df7-a13c-4822-822b-a392dad9a12f,intestinal.ong,available,18.98,24.98,medium,low,10,namecheap,,,04/09/2026 08:14
9cdb3ffd-440e-41c5-9879-66840c37d42c,middlesex.ong,available,18.98,24.98,medium,low,9,namecheap,,,25/09/2026 13:32
bc1cd9d0-442a-4513-bf8f-d0952afa21f7,ninth.ong,available,16.99,16.99,high,low,5,name.com,,,
a3057fc2-c49f-4652-b230-1fdfb5a70fd5,rarefy.ong,available,16.99,16.99,medium,low,6,name.com,,,07/08/2026 15:31
7b26049b-7a1c-4eb5-825b-5ad685d0e968,besides.ong,available,16.99,,high,low,7,name.com,,,
93d68d2d-7d28-47c1-9335-a97b29fcf267,knapsack.ong,available,18.98,24.98,high,low,8,namecheap,,,21/09/2026 14:39
65668660-fbb6-440d-ab78-058d375c9dd4,repellent.ong,available,16.99,16.99,medium,low,9,name.com,,,14/08/2026 10:39
a18c5836-1a2e-4442-95c2-4e4775408acf,joy.ong,available,16.99,,high,medium,3,name.com,,,
559e9679-f2a3-4475-9d97-bcdf29735c4d,arawn.ong,available,18.98,24.98,medium,low,5,namecheap,,,20/09/2026 00:29
a402e300-9fee-4a4b-9b59-2e36ebb8cb31,idiomatic.ong,available,16.99,16.99,medium,low,9,name.com,,,21/08/2026 18:07
164c3cbc-44aa-4f41-a289-08ab2c1ea02f,biblical.ong,available,16.99,16.99,medium,low,8,name.com,,,09/08/2026 18:53
2792c421-f8f3-4fda-ad09-df22da4d1261,pinochle.ong,available,16.99,16.99,medium,low,8,name.com,,,23/09/2026 12:19
17ba37d7-a55a-49a7-b18c-99069bb503de,bleriot.ong,available,18.98,24.98,medium,low,7,namecheap,,,24/09/2026 06:04
b0ec34a9-6335-4d33-9262-75f432017ff9,arability.ong,available,18.98,24.98,medium,low,9,namecheap,,,19/09/2026 23:32
c754db38-e669-45a4-b206-bd4804d24289,cheerful.ong,available,16.99,16.99,high,low,8,name.com,,,12/08/2026 03:41
7d6a93dd-23a4-463f-b6a4-46eb75eba637,accomplice.ong,available,18.98,24.98,high,low,10,namecheap,,,16/09/2026 22:50
11cfdc61-c38e-48bd-a6de-0e6426f05e0b,forms.ong,available,18.98,24.98,high,low,5,namecheap,,,17/09/2026 09:39
68c37bc4-188f-471a-aa5d-ad1b50131367,baldness.ong,available,18.98,24.98,medium,low,8,namecheap,,,21/09/2026 21:44
082bd7e5-e1f4-4763-97cf-d44a5fd9bab8,backwards.ong,available,18.98,24.98,high,low,9,namecheap,,,22/09/2026 15:55
4658f2e3-3876-46d6-80f2-dffe7ffbcf81,indictment.ong,available,16.99,16.99,medium,low,10,name.com,,,23/09/2026 16:05
a096b1d1-1b2f-42ad-b46c-3a2ddcc1b102,spiffing.ong,available,18.98,24.98,high,medium,8,namecheap,,,10/09/2026 15:35
5bc5763c-dfe2-4e24-a8f8-0ab00971b13c,asteraceae.ong,available,18.98,24.98,medium,low,10,namecheap,,,20/09/2026 17:03
beab482e-6e68-4682-9762-f2d7b473fbc3,stoppers.ong,available,18.98,24.98,medium,low,8,namecheap,,,20/09/2026 12:45
cc9b8bad-6bc4-46b6-8e39-2708208e3b1c,grecian.ong,available,16.99,16.99,high,low,7,name.com,,,20/08/2026 19:44
5502d380-4065-494f-9f70-12360b7aa1f1,arianrhod.ong,available,18.98,24.98,medium,low,9,namecheap,,,20/09/2026 05:14
7e91d7fe-f936-466d-b763-ddf03104bac8,greatest.ong,available,16.99,16.99,high,low,8,name.com,,,20/08/2026 19:40
53388b14-8662-4dc5-bcb7-0191204c863d,dealership.ong,available,18.98,24.98,high,low,10,namecheap,,,25/09/2026 03:26
0729d314-15c3-4010-838a-e37a9dc3db93,foaming.ong,available,16.99,16.99,high,low,7,name.com,,,11/08/2026 07:18
9cc57a5e-1f68-45d7-8971-9a6315515c3b,devotional.ong,available,16.99,16.99,high,low,10,name.com,,,14/08/2026 05:15
6a905432-7a97-4e36-ad24-9cdac713a629,fischer.ong,available,18.98,24.98,high,high,7,namecheap,,,25/09/2026 00:22
06f310af-e67e-4fa8-a5ca-11016a2c68a3,gene.ong,available,16.99,,high,low,4,name.com,,,
5d78e167-4af2-4909-9d83-f261db08f665,forster.ong,available,18.98,24.98,medium,low,7,namecheap,,,26/09/2026 03:41
6f7df8d3-8554-4c98-b5cf-6bf0869bfe71,torture.ong,available,16.99,16.99,high,low,7,name.com,,,11/09/2026 18:03
e83432ef-f23d-489c-989f-f17e07a68d05,thenar.ong,available,18.98,24.98,medium,low,6,namecheap,,,11/09/2026 12:51
1eef81ec-71af-4e5d-bbb0-b79ab2a61eb6,lissom.ong,available,16.99,16.99,medium,low,6,name.com,,,23/08/2026 23:41
2bdf5ba3-3c1a-428d-bb49-7bad8daad8fe,oxonian.ong,available,18.98,24.98,medium,low,7,namecheap,,,04/09/2026 22:32
622b9fb6-8ed5-437a-9eec-979dd9a69516,glasshouse.ong,available,16.99,16.99,high,low,10,name.com,,,20/08/2026 19:52
df70f58e-b992-4e31-86e0-db28b6df9dae,diagram.ong,available,18.98,24.98,high,low,7,namecheap,,,24/09/2026 22:08
930fc12a-b9c9-4ead-b732-019192429254,preferred.ong,available,16.99,16.99,high,low,9,name.com,,,09/08/2026 17:53
0ea44353-baac-4f24-a6c4-dbc005b5a1fe,overhand.ong,available,18.98,24.98,high,low,8,namecheap,,,04/09/2026 20:09
5401b394-0d66-4f0a-bd0b-cb896a56f74f,upcoming.ong,available,16.99,16.99,high,low,8,name.com,,,06/08/2026 08:39
5f5fd733-e9ff-40ba-abe4-4f5704268563,sharp.ong,available,18.98,24.98,high,low,5,namecheap,,,21/09/2026 16:42
6e6e0f86-c6bb-48b2-98ef-6b6822258fb5,affiliate.ong,available,16.99,,high,low,9,name.com,,,
7fa3609b-dddb-4cc8-b6c6-7cf5115a5364,decelerate.ong,available,18.98,24.98,medium,low,10,namecheap,,,10/09/2026 11:21
515ed9f7-36c9-43ad-bb8d-7abe81539568,continuant.ong,available,16.99,16.99,medium,low,10,name.com,,,12/08/2026 23:17
959f5235-b627-4432-bc5c-8ec470692512,alvine.ong,available,16.99,16.99,medium,low,6,name.com,,,
7ffe15a1-21e5-41da-8dc3-45eccc9d5594,delightful.ong,available,18.98,24.98,high,low,10,namecheap,,,24/09/2026 05:38
452e7228-6111-498d-91b9-43eaf00edb81,andrea.ong,available,18.98,24.98,high,low,6,namecheap,,,25/09/2026 13:32
fdb98e63-9c97-4048-90b8-e3f5cd5b2b5d,undecided.ong,available,18.98,24.98,high,low,9,namecheap,,,04/09/2026 14:20
3d4fea5d-94e1-4d82-9b92-e4296003c5ce,civilization.ong,available,18.98,24.98,high,low,12,namecheap,,,27/09/2026 07:12
2500f261-7584-4c2e-9925-f548512456e3,cook.ong,available,18.98,24.98,high,low,4,namecheap,,,27/09/2026 10:07
2a36501d-0345-4bf2-a460-77ebbc9fde76,float.ong,available,16.99,,high,low,5,name.com,,,
e3e8d89a-30d9-4256-8b22-1c9a6cef93e2,eritrean.ong,available,16.99,16.99,high,low,8,name.com,,,17/08/2026 12:22
f58622ea-9e1c-4f50-96e0-0e980832e5d2,webmasters.ong,available,18.98,24.98,medium,low,10,namecheap,,,18/09/2026 23:06
4608da78-e867-4b95-a981-4c75ddb53578,misprint.ong,available,16.99,16.99,medium,low,8,name.com,,,24/08/2026 02:49
3404687a-4a7a-4ce3-a372-ac39b0b248ba,autarchy.ong,available,18.98,24.98,medium,low,8,namecheap,,,21/09/2026 05:05
b14916d2-eb55-48e4-997c-4e2bde423fb5,flaky.ong,available,16.99,16.99,high,low,5,name.com,,,10/08/2026 10:06
53c803a0-fc70-4426-898c-44f60713f678,alignment.ong,premium,65,32.5,high,low,9,namecheap,,,18/09/2026 07:47
594da544-fe0f-4cc3-a74f-aa32e4c897e2,unary.ong,available,18.98,24.98,medium,low,5,namecheap,,,12/09/2026 01:06
7a189411-be45-4134-b1c6-7ce4ea858a9f,ein.ong,available,18.98,24.98,high,low,3,namecheap,,,26/09/2026 03:08
15fcfb77-ce53-4ad5-ae3a-2ab39c2f09fb,ostensive.ong,available,18.98,24.98,medium,low,9,namecheap,,,04/09/2026 18:31
3e98f1c1-e44b-4990-a654-47b6a0147a29,kenalog.ong,available,18.98,24.98,medium,low,7,namecheap,,,20/09/2026 05:49
dce35fa7-48d5-4a7a-a77c-dbdf775b65eb,allergen.ong,available,18.98,24.98,high,low,8,namecheap,,,18/09/2026 10:53
ddd881c9-9b07-47ee-835d-2afbb791d63f,tumid.ong,available,16.99,16.99,medium,low,5,name.com,,,10/08/2026 18:05
73f93fad-4cae-4096-a894-bbf26e6bed8b,fontenoy.ong,available,18.98,24.98,medium,low,8,namecheap,,,22/09/2026 15:04
4d2f1e05-db6a-4a5c-a709-49d6678d6f6d,ammonite.ong,available,16.99,16.99,high,low,8,name.com,,,18/09/2026 22:08
af664236-62af-4333-a3be-b32495d4f4f6,hines.ong,available,18.98,24.98,high,low,5,namecheap,,,27/09/2026 07:58
3860fecd-8262-497d-b720-94fdea020f4e,decorated.ong,available,18.98,24.98,high,low,9,namecheap,,,21/09/2026 19:45
5c2a0cbd-5ceb-493e-97b8-6dc12d7d1020,sang.ong,available,18.98,24.98,high,low,4,namecheap,,,18/09/2026 20:03
ce81a503-e21e-4b54-8bd5-42eed3fedb15,believes.ong,available,18.98,24.98,medium,low,8,namecheap,,,19/09/2026 19:41
0028a3cc-19ba-40ef-8278-c4b64fbc8cd0,stating.ong,available,16.99,,high,low,7,name.com,,,
a0965a27-844e-4bf6-93b4-2280abb4f78c,arum.ong,available,16.99,16.99,medium,low,4,name.com,,,06/08/2026 20:20
c1d3626f-886a-4af7-b6b9-8166e5163b92,goofproof.ong,available,16.99,16.99,medium,low,9,name.com,,,18/08/2026 10:41
e3a1934f-888b-4a84-9f8d-27ebdd3e053b,piddle.ong,available,18.98,24.98,low,low,6,namecheap,,,13/09/2026 08:06
4cb1bf97-d214-4816-8b67-d02b3b12e9fe,enraged.ong,available,16.99,16.99,medium,low,7,name.com,,,
7938f7ab-7a4f-4462-8644-1885d1de69e8,tungsten.ong,available,18.98,24.98,high,low,8,namecheap,,,20/09/2026 23:43
1b259746-26e2-44ee-9ba1-bb12da3b4677,understand.ong,available,16.99,,high,low,10,name.com,,,
9a72ddc9-9744-4a3e-a36d-8e8d8cb324de,stoned.ong,available,18.98,24.98,medium,low,6,namecheap,,,10/09/2026 21:10
c5523148-f94d-429e-819a-4a2a26cc4b6d,meticulous.ong,available,16.99,16.99,high,low,10,name.com,,,24/08/2026 22:04
1e2f3815-8083-451b-8079-4f31fc0975ad,pout.ong,available,18.98,24.98,medium,low,4,namecheap,,,18/09/2026 18:12
ce1374f3-c2b5-4507-b9ad-0d5b59d2fed6,error.ong,available,18.98,24.98,high,low,5,namecheap,,,24/09/2026 16:56
cce0ee54-ccb7-4652-a089-fcea79d3478a,vietnamese.ong,available,18.98,24.98,high,low,10,namecheap,,,13/09/2026 05:32
f4a0e844-ccc7-49f3-a09c-dfc7361c70fe,stand.ong,available,16.99,,high,low,5,name.com,,,
a4c64590-254a-494d-ae60-b87281631ddb,armour.ong,available,18.98,24.98,medium,low,6,namecheap,,,20/09/2026 07:22
1f796094-b2cb-43cc-9121-5bf4c6a9e49a,spending.ong,available,18.98,24.98,high,low,8,namecheap,,,27/09/2026 03:51
3c043454-1cf2-49b3-8e22-ca8c9ecdca87,briny.ong,available,16.99,16.99,medium,low,5,name.com,,,11/08/2026 04:25
5b9f82cf-873b-4277-8b28-fd2b268c564a,aperture.ong,available,18.98,24.98,high,low,8,namecheap,,,19/09/2026 16:35
5ee61a65-6c56-458f-9491-554da9310670,height.ong,available,18.98,24.98,high,low,6,namecheap,,,25/09/2026 19:39
577d8fc7-2edc-4b3d-89eb-3e1dc2f19994,nomadic.ong,available,16.99,16.99,high,low,7,name.com,,,25/08/2026 02:19
cb653f37-04e2-47f1-9344-aab5b2f34403,thee.ong,available,16.99,,medium,low,4,name.com,,,
ac4e0a28-97f5-433c-8ac0-08300f40a9f0,sculptural.ong,available,16.99,16.99,high,low,10,name.com,,,25/08/2026 02:53
8f34afe3-f088-411e-aa56-93a70f46871d,stellar.ong,available,18.98,24.98,high,medium,7,namecheap,,,22/09/2026 10:32
144c64b0-af3d-44c0-a78f-3c1486ec64f1,debt.ong,available,16.99,,high,low,4,name.com,,,
77e6a22e-43c2-4340-8596-b6e3a4716dd8,decorous.ong,available,16.99,16.99,medium,low,8,name.com,,,09/08/2026 06:21
6b1d84fa-3f62-4a0a-a965-b671cee4e999,unedited.ong,available,16.99,16.99,medium,low,8,name.com,,,12/09/2026 08:51
5776d25c-66f5-44b8-b6da-75b0931b1016,unstated.ong,available,18.98,24.98,medium,low,8,namecheap,,,12/09/2026 09:45
248a1fc1-cfb6-49c5-b3b8-377b0fc97980,doable.ong,available,18.98,24.98,high,low,6,namecheap,,,21/09/2026 15:46
ece68de4-3681-4cfd-a437-1e886ed29061,kochia.ong,available,18.98,24.98,medium,low,6,namecheap,,,22/09/2026 12:18
ab29aabf-f9aa-4b42-9914-fb609f49f666,canvas.ong,available,18.98,24.98,high,medium,6,namecheap,,,24/09/2026 12:10
8ab5863f-a0fb-41db-920c-1078b0d9c628,purposive.ong,available,16.99,16.99,medium,low,9,name.com,,,20/08/2026 15:51
241be7c6-d6f3-4a62-afbc-a121f3e9c6df,motel.ong,available,18.98,24.98,high,low,5,namecheap,,,25/09/2026 09:27
c080fb66-ab4a-43e0-941f-3c69004c3fdc,barbette.ong,available,18.98,24.98,medium,low,8,namecheap,,,22/09/2026 04:54
2631df75-88d8-4893-ad28-97bdd87bea12,consummate.ong,available,18.98,24.98,high,low,10,namecheap,,,23/09/2026 21:29
36c6d05b-c0ab-4992-8473-3102e7907cc2,inferno.ong,available,18.98,24.98,high,low,7,namecheap,,,24/09/2026 17:14
9c79dbdb-531d-4865-af6b-eeddfcc0cd5a,zombies.ong,available,18.98,24.98,medium,low,7,namecheap,,,18/09/2026 03:58
0215d8a5-2d10-4021-93d5-920847bc1698,creaseless.ong,available,16.99,16.99,medium,low,10,name.com,,,13/08/2026 05:47
c4009e4e-8b72-46cc-b0b6-9e9d775e1f9e,ratios.ong,available,18.98,24.98,medium,low,6,namecheap,,,20/09/2026 23:23
002f0d0d-edf5-432c-a714-50f409a24901,nagging.ong,available,18.98,24.98,medium,low,7,namecheap,,,03/09/2026 12:41
f67d09cf-3029-423e-a480-8b96ba8c3b18,unspotted.ong,available,18.98,24.98,medium,low,9,namecheap,,,12/09/2026 20:15
b891a052-1adf-4a3f-9664-eb2f4e5d0245,aquinas.ong,available,18.98,24.98,medium,low,7,namecheap,,,19/09/2026 23:16
7a118d2d-9cda-41fb-93d0-336707172109,salverform.ong,available,18.98,24.98,high,medium,10,namecheap,,,09/09/2026 21:02
c21fd94b-98b1-4f9e-952f-a9a8fe54cd93,continues.ong,available,18.98,24.98,medium,low,9,namecheap,,,17/09/2026 13:29
dbbafcf3-b7b5-4db6-b738-bd37bff47aa7,amongst.ong,available,16.99,,medium,low,7,name.com,,,
43dc6d60-5dd5-48d2-a0be-d3b813f92a7c,richmond.ong,available,16.99,,high,low,8,name.com,,,
d62c1294-f421-4a5e-b9b6-2f56cc8f4ccc,hosts.ong,available,18.98,24.98,medium,low,5,namecheap,,,18/09/2026 22:23
86f0fe04-d9e9-403f-9f85-e0ba1fcf0c82,transcend.ong,available,18.98,24.98,high,low,9,namecheap,,,11/09/2026 17:23
37f829ca-e00a-4b67-978f-8936cfdb20dc,ciliate.ong,available,16.99,16.99,medium,low,7,name.com,,,12/08/2026 08:06
8203357d-3c03-4abb-8cfa-ef8f866397fd,temp.ong,available,18.98,24.98,high,low,4,namecheap,,,11/09/2026 11:02
68297c5c-b87c-4da7-90bb-c8018d512d22,fourteen.ong,available,18.98,24.98,high,low,8,namecheap,,,21/09/2026 11:38
bb38ed0d-3535-4861-898c-496becd78d89,hostility.ong,available,18.98,24.98,medium,low,9,namecheap,,,19/09/2026 12:25
df625086-95a1-479e-b210-7aa20edb27f3,flack.ong,available,16.99,16.99,medium,low,5,name.com,,,
1427a355-70a6-47be-98d8-6f55f6c397b9,asunder.ong,available,16.99,16.99,medium,low,7,name.com,,,07/08/2026 10:20
dc68ef90-932f-4d06-8bea-269711870c4c,niner.ong,available,16.99,16.99,medium,low,5,name.com,,,
5fadf028-d4d3-477f-ba29-7527e7b974ca,rueful.ong,available,16.99,16.99,medium,low,6,name.com,,,12/08/2026 23:38
2978b1a4-9ac4-4438-b052-80d7e3a72e51,bicorn.ong,available,16.99,16.99,medium,low,6,name.com,,,09/08/2026 19:30
85a5ef1c-57d7-4527-aa62-78ae3e7a6163,anapest.ong,available,18.98,24.98,medium,low,7,namecheap,,,19/09/2026 02:04
662adae0-a81a-49d2-954e-37ec0186913d,migrate.ong,available,16.99,,high,low,7,name.com,,,
b2ef0485-9ef0-4988-945e-48bc8cde7856,gide.ong,available,16.99,16.99,high,low,4,name.com,,,19/09/2026 04:13
396a9d7c-34cb-4e4b-afa5-a4820e6dc43d,piss.ong,available,16.99,,high,low,4,name.com,,,
329a35df-922b-4c55-b764-0aa750805ce7,speaks.ong,available,18.98,24.98,medium,low,6,namecheap,,,16/09/2026 07:20
82009c40-92d4-4712-a36b-1a1ba17f4e05,aweigh.ong,available,16.99,16.99,low,low,6,name.com,,,07/08/2026 14:29
655672f5-4b1f-48a0-98d4-2fd127ecb479,euphonious.ong,available,16.99,16.99,medium,low,10,name.com,,,17/08/2026 14:17
ae839a4f-2663-43fe-9f81-43dd31e8302d,salt.ong,available,15.96,15.96,high,medium,4,porkbun,,,27/09/2026 17:50
855d4072-874f-45fe-84f1-86d62af2fdde,alienating.ong,available,16.99,16.99,medium,low,10,name.com,,,
82010012-c792-4c64-a544-cd9f007a4bce,canadian.ong,available,18.98,24.98,high,low,8,namecheap,,,23/09/2026 12:40
8263e8b4-4418-44eb-8ea1-1fdf06c64fd6,computer.ong,premium,65,32.5,high,medium,8,namecheap,,,23/09/2026 09:10
738ca15a-ea08-4bf0-b61d-16443cb8d431,immutably.ong,available,16.99,16.99,medium,low,9,name.com,,,15/09/2026 02:06
3c0dd2d2-9d5d-41e7-83b0-16503b2b38e0,payne.ong,available,18.98,24.98,high,low,5,namecheap,,,25/09/2026 13:00
b761e143-47e6-41a8-9ee8-b4614e204a6c,blackface.ong,available,18.98,24.98,medium,low,9,namecheap,,,24/09/2026 02:15
85011ec9-e6aa-4e56-b78d-937c2e7849be,checking.ong,premium,65,32.5,high,low,8,namecheap,,,25/09/2026 12:11
da382336-8d93-4b39-8701-cf1dd255bf3d,chap.ong,available,18.98,24.98,medium,low,4,namecheap,,,24/09/2026 06:13
d85813b2-2d08-4115-85b2-3e569c5e345a,acadian.ong,available,18.98,24.98,high,low,7,namecheap,,,16/09/2026 20:29
1bc8c138-d5ba-44f4-96a7-bea6456d36c8,sniff.ong,available,16.99,,high,low,5,name.com,,,
6af66693-65e9-44d9-bd83-fc04fc1da4c9,violently.ong,available,18.98,24.98,medium,low,9,namecheap,,,16/09/2026 11:00
2a560909-0496-400e-88b2-a40cc71135e6,outside.ong,available,18.98,24.98,high,low,7,namecheap,,,21/09/2026 23:49
694c341c-e3bd-4576-b858-379d2742874c,phonic.ong,available,18.98,24.98,medium,low,6,namecheap,,,08/09/2026 19:06
6fea7086-934d-41b0-a7c0-fccea1fa88ab,wistful.ong,available,18.98,24.98,high,low,7,namecheap,,,13/09/2026 12:45
2cf7ba0e-d31b-46c5-8e84-7d7815981f54,sneak.ong,available,18.98,24.98,high,low,5,namecheap,,,23/09/2026 12:44
50465f27-8af4-4228-b8e1-7599b814e5f9,aldol.ong,available,18.98,24.98,high,low,5,namecheap,,,18/09/2026 04:25
0db7013b-8c7a-42a5-ae6d-380adcebdecb,roses.ong,available,18.98,24.98,high,low,5,namecheap,,,17/09/2026 21:17
25e5d669-13b5-46d2-a8d1-797eabc7acae,defining.ong,available,18.98,24.98,high,low,8,namecheap,,,10/09/2026 06:00
4b280758-b44c-42b2-a39e-56e157958642,concerts.ong,available,18.98,24.98,high,low,8,namecheap,,,20/09/2026 13:34
c3056bb5-4a5f-4fee-b07f-eccc15338de2,cutthroat.ong,available,16.99,16.99,high,medium,9,name.com,,,10/08/2026 23:02
101f8942-f0cc-4349-8ae3-e31c9bcddb40,marguerite.ong,available,18.98,24.98,high,low,10,namecheap,,,20/09/2026 04:58
93ae8898-7373-46e2-8c5b-c66969e7686f,gingery.ong,available,16.99,16.99,high,low,7,name.com,,,18/08/2026 23:53
3dc5ac85-ddc5-41b6-9f62-336ef5d0d8be,platt.ong,available,18.98,24.98,medium,low,5,namecheap,,,27/09/2026 06:33
07b4aa8b-f07f-47f5-9f2d-f4c148fc0a6a,lightweight.ong,available,16.99,,high,low,11,name.com,,,
94bd1283-6748-49c1-acda-8c6bf8137d60,reliant.ong,available,18.98,24.98,high,low,7,namecheap,,,09/09/2026 13:35
47f256bf-b275-4e40-8f36-b250b26cbce5,columbo.ong,available,18.98,24.98,medium,low,7,namecheap,,,18/09/2026 19:32
81723869-7ffb-4341-83cc-e14946a8646d,armchair.ong,available,18.98,24.98,high,low,8,namecheap,,,20/09/2026 06:33
0e4306a5-b0bc-492e-890e-0292cea38a8c,grumpy.ong,available,16.99,16.99,medium,low,6,name.com,,,08/08/2026 07:57
483dbabd-260c-40a3-93ba-ef6cfafa0f8b,downcast.ong,available,16.99,16.99,medium,low,8,name.com,,,14/08/2026 17:33
9086816c-0d69-45e3-b3cc-54de06002c46,sobering.ong,available,18.98,24.98,high,medium,8,namecheap,,,10/09/2026 13:02
2c9745d0-a76a-4f0b-9c2a-54e2de6c5af9,kingsley.ong,available,15.2,15.2,medium,low,8,cloudflare,,,27/09/2026 20:56
2515dbad-da1f-49c4-92ec-44c548334f97,stamford.ong,available,18.98,24.98,high,low,8,namecheap,,,25/09/2026 16:33
5eeb4b26-45b1-4e5a-b66d-8c65ec200580,burdensome.ong,available,16.99,16.99,medium,low,10,name.com,,,11/08/2026 10:29
f7ecf3bb-f240-4ca7-be67-c6f245ed80ed,shrewsbury.ong,available,18.98,24.98,medium,low,10,namecheap,,,27/09/2026 19:32
5010459a-e4ff-4d09-af23-e39015c6992e,exigent.ong,available,16.99,16.99,medium,low,7,name.com,,,13/08/2026 09:31
85b57d62-3d00-4c9a-b106-ce04b82e2910,kwhr.ong,available,18.98,24.98,high,low,5,namecheap,,,21/09/2026 11:57
a86ed935-dc3a-4bdb-ac96-e2f7aed56ee3,smitten.ong,available,16.99,16.99,high,low,7,name.com,,,16/08/2026 21:16
3efa33e8-2af5-41ec-bae7-6297015dab9b,parochial.ong,available,18.98,24.98,high,low,9,namecheap,,,08/09/2026 01:46
15bfd769-14aa-400a-9a9c-4e2adb418e27,hurting.ong,available,16.72,16.72,medium,low,7,dynadot,,,27/09/2026 14:14
7a2ec081-0409-493d-8dda-c76554417587,tierce.ong,available,16.99,16.99,medium,low,6,name.com,,,
c8450b7d-e125-4dd7-bf80-fe636e532f8c,bavaria.ong,available,18.98,24.98,high,low,7,namecheap,,,22/09/2026 16:42
aa9e1aad-f363-4e97-8050-154ad6c2503b,downmarket.ong,available,16.99,16.99,medium,low,10,name.com,,,14/08/2026 17:48
0f8c9bf6-75d4-430c-8314-163170b40e85,infertile.ong,premium,62.5,31.25,medium,low,9,name.com,,,22/08/2026 04:24
04b0d3fc-111c-483b-abf2-dc854fd2314b,circumstances.ong,available,18.98,24.98,medium,low,13,namecheap,,,27/09/2026 02:27
d6456dd3-60b6-4fca-ac36-5e46361d5084,lunched.ong,available,18.98,24.98,medium,low,7,namecheap,,,21/09/2026 04:17
0642066a-a863-450d-b3a5-69b42bf598b5,madonna.ong,available,18.98,24.98,high,low,7,namecheap,,,24/09/2026 06:06
131e3445-3912-41a0-a163-f6c308a2824e,mogul.ong,available,18.98,24.98,high,low,5,namecheap,,,23/09/2026 14:17
5e5f578a-0a36-445c-b133-400fb84bf1e3,anabas.ong,available,18.98,24.98,medium,low,6,namecheap,,,19/09/2026 00:49
b081c641-1e47-4dcf-af37-8020bd2eff88,lactating.ong,available,16.99,16.99,medium,low,9,name.com,,,22/08/2026 18:18
07a1a0ad-ae17-41f2-a4f3-f40783ef405b,helped.ong,available,18.98,24.98,high,low,6,namecheap,,,25/09/2026 18:33
ca514ebf-3cf9-48de-bd7b-a0f7a417d6c4,didrikson.ong,available,18.98,24.98,medium,low,9,namecheap,,,21/09/2026 12:34
2c9ee3c1-758e-4974-b2ea-fc75ae7381fe,gustav.ong,available,18.98,24.98,medium,low,6,namecheap,,,25/09/2026 21:40
e630e9f0-3b1b-42ed-8728-1a6882c53452,martha.ong,available,16.99,,high,low,6,name.com,,,
c9334dda-31e7-4b37-b8d5-b6e75e5636d1,haunting.ong,available,16.99,16.99,medium,low,8,name.com,,,21/08/2026 01:34
de5ec963-68d4-4414-92b6-f68f981fb062,uncritical.ong,available,18.98,24.98,medium,low,10,namecheap,,,12/09/2026 06:26
de37aba0-4c90-487e-b9c3-ec0ee5894b9e,asymmetry.ong,available,18.98,24.98,medium,low,9,namecheap,,,20/09/2026 18:39
a5064a6c-a899-4f01-b078-c8ccb85b9654,fcc.ong,available,16.99,16.99,high,low,3,name.com,,,25/09/2026 05:53
693a3ee3-2355-4c12-a107-46ab8f889d79,mournfully.ong,available,18.98,24.98,medium,low,10,namecheap,,,15/09/2026 15:33
86a5b7d8-b02e-49a5-b91c-5482aa5a7ec2,unerasable.ong,available,16.99,16.99,medium,low,10,name.com,,,22/08/2026 02:39
aaa8f3ac-a495-4a2d-b1d2-287def1a5cda,punily.ong,available,18.98,24.98,low,low,6,namecheap,,,15/09/2026 22:01
97f857af-1153-48ea-b317-0bf6b7ef2275,scandent.ong,available,18.98,24.98,medium,low,8,namecheap,,,09/09/2026 22:32
1e4cbf8f-4a7d-4975-bffa-bd9d01ad4e1a,cleaver.ong,available,16.99,,medium,low,7,name.com,,,
793891ab-699b-4307-a215-39e03fa20e87,announcement.ong,available,16.99,16.99,high,low,12,name.com,,,26/09/2026 00:47
7d1ec173-f2d1-4e78-9974-01be748e3871,saunter.ong,available,18.98,24.98,high,low,7,namecheap,,,18/09/2026 16:58
d8a148dc-8a1a-4179-aa73-56e61c43c55d,depository.ong,available,18.98,24.98,high,low,10,namecheap,,,24/09/2026 21:58
20cc6d0b-fc47-49eb-a745-8e769e93645a,pycnotic.ong,available,16.99,16.99,high,medium,8,name.com,,,09/09/2026 06:51
f1f26807-9670-4a7e-9219-01195acdd3fa,lounge.ong,available,18.98,24.98,high,low,6,namecheap,,,11/09/2026 08:25
bf3c5ce9-4227-4d77-abb0-375fcc6b438a,xcvi.ong,available,16.99,16.99,medium,low,4,name.com,,,
89a808a2-5059-4ac6-952b-ccf201b80302,nonexempt.ong,available,18.98,24.98,medium,low,9,namecheap,,,03/09/2026 19:09
20f4cad8-d32e-478c-8168-eb56387a95c5,grenadian.ong,available,16.99,16.99,high,low,9,name.com,,,20/08/2026 20:00
6b7a82c7-1fd2-4c86-854e-b48a5c8d9d69,mcleod.ong,available,18.98,24.98,high,low,6,namecheap,,,27/09/2026 06:53
83cb5867-74d9-4c99-81a4-fda9c152264f,fabled.ong,available,16.99,16.99,high,low,6,name.com,,,17/08/2026 20:12
312c765d-d7fa-4dd7-8e68-bc5ec60ebd94,crumb.ong,available,16.99,16.99,medium,low,5,name.com,,,11/08/2026 09:20
03688646-9c5c-4fc6-87e8-1a7f38dbf110,midst.ong,available,16.99,16.99,medium,low,5,name.com,,,11/09/2026 13:11
44c400de-d55d-4d7a-b2b3-b0cf15f17a10,frightened.ong,available,16.99,16.99,medium,low,10,name.com,,,18/08/2026 15:37
4358a0db-0435-4f4b-9528-6e6826dd28ca,experimentation.ong,available,18.98,24.98,medium,low,15,namecheap,,,25/09/2026 14:37
932cb4e8-aa14-4581-9f02-e319290a1a3f,tournament.ong,available,18.98,24.98,high,low,10,namecheap,,,27/09/2026 05:49
a6ddec49-31cf-4164-80cf-48aae26cf5a3,atropa.ong,available,18.98,24.98,medium,low,6,namecheap,,,21/09/2026 00:54
dc41d145-0117-4a87-bd3c-f2bf462a91e4,expedition.ong,available,16.99,,high,low,10,name.com,,,
ccca6a17-a8ea-4814-952b-03abf2167bbd,albuterol.ong,available,18.98,24.98,high,low,9,namecheap,,,18/09/2026 03:32
35a51bf8-6077-478c-9220-a37b963abc8d,adventures.ong,available,18.98,24.98,high,low,10,namecheap,,,18/09/2026 17:22
ca93b151-c2e0-40be-9482-273b7dc897da,soh.ong,available,18.98,24.98,medium,low,3,namecheap,,,16/09/2026 03:36
c0a5c5d3-c343-4496-b584-b81191f7ae97,consumer.ong,available,16.99,,high,low,8,name.com,,,
929f8fce-b159-4263-b320-35397320e710,enatic.ong,available,16.99,16.99,medium,low,6,name.com,,,16/08/2026 21:20
72350203-1c82-45a7-af49-ed9fb81e926c,offline.ong,available,18.98,24.98,high,medium,8,namecheap,,,04/09/2026 01:13
a149fad8-d8ee-4a0b-a8a0-f39730a8c28d,standing.ong,available,15.2,15.2,high,low,8,cloudflare,,,28/09/2026 00:41
2553411f-4f8d-4204-a1cd-5450b2a91d5d,twat.ong,available,18.98,24.98,high,medium,4,namecheap,,,09/09/2026 06:41
7d5f4eb8-861b-47c0-920b-45c68e255899,broth.ong,available,18.98,24.98,high,low,5,namecheap,,,24/09/2026 10:49
6af73c11-f5c9-46af-b8d9-14bacd29426a,lloyd.ong,available,18.98,24.98,high,low,5,namecheap,,,25/09/2026 06:57
7919b6c3-b44c-4403-96b3-e24e469bcee9,inquiring.ong,available,16.99,16.99,high,low,9,name.com,,,22/08/2026 06:19
d14d03fd-1f9b-469f-94fe-9363580d58a3,auger.ong,available,18.98,24.98,medium,low,5,namecheap,,,21/09/2026 03:19
7d4a3d5b-c559-4a55-97af-9ca7dd8e80f9,expression.ong,available,16.99,,high,low,10,name.com,,,
86de1d8f-9882-4eba-aaf2-8a687e287b26,getatable.ong,available,16.99,16.99,medium,low,9,name.com,,,18/08/2026 23:00
949206aa-4fc7-43c8-b571-501c70c8c94c,forward.ong,available,18.98,24.98,high,medium,7,namecheap,,,21/09/2026 20:55
64ba5e0c-986b-4bcc-bdc9-998ccc746855,vic.ong,available,18.98,24.98,high,medium,3,namecheap,,,25/09/2026 12:29
18eaa105-f6c8-4f48-a428-7c3f91be3db4,pregnant.ong,premium,650,325,high,low,8,namecheap,,,25/09/2026 18:23
90a574b9-7441-4b6b-a5ea-ec08b4c39aa9,radically.ong,available,18.98,24.98,medium,low,9,namecheap,,,15/09/2026 22:20
5c8977df-4cc2-4d2a-bccd-1da7164b3d54,bandung.ong,available,18.98,24.98,medium,low,7,namecheap,,,22/09/2026 01:32
97e66834-7957-45c6-8e0a-4f0e842b3456,vhf.ong,available,18.98,24.98,high,low,3,namecheap,,,28/09/2026 02:03
6a54071f-2804-4d7a-abc8-d71b89192dc1,elective.ong,available,16.99,16.99,high,low,8,name.com,,,16/08/2026 02:33
880ea66a-2d7f-4518-8eeb-f91708b26c98,gush.ong,available,16.99,16.99,high,low,4,name.com,,,22/08/2026 13:07
078a85d7-d780-4da6-a616-77518eab8949,philippine.ong,available,16.99,16.99,high,low,10,name.com,,,18/08/2026 04:21
2f5f0d09-2574-4512-ad4b-8f0c2100ea18,unassigned.ong,available,18.98,24.98,medium,low,10,namecheap,,,12/09/2026 01:12
a4bbb20b-9cc7-4c8c-9155-07e8ac747af4,valueable.ong,available,16.99,,medium,low,9,name.com,,,
8f877456-619a-40d3-959b-3143952f5709,barthelme.ong,available,18.98,24.98,medium,low,9,namecheap,,,22/09/2026 09:06
c8ac55e0-3d10-4e97-bed3-d897637796a1,teal.ong,available,18.98,24.98,high,low,4,namecheap,,,22/09/2026 23:03
6bcbd701-4ba0-4275-ba2e-5f7a596d20b0,nimiety.ong,available,16.99,16.99,medium,low,7,name.com,,,17/08/2026 16:13
4a07eca5-f9de-45e7-bd7f-08a80fde10ab,ennead.ong,available,16.99,16.99,medium,low,6,name.com,,,
746bc044-197b-44a6-b190-75c7382aeb9d,bailor.ong,available,18.98,24.98,medium,low,6,namecheap,,,21/09/2026 19:14
440c9c4c-d83c-4e64-9747-169437f763c0,nugatory.ong,available,18.98,24.98,low,low,8,namecheap,,,03/09/2026 22:26
5ab45411-b644-4d5f-89e9-b906c94e3210,hybrid.ong,available,16.99,16.99,high,low,6,name.com,,,25/09/2026 07:10
5e01c755-3397-4f5a-a304-b841445a5552,checkpoint.ong,available,18.98,24.98,high,low,10,namecheap,,,24/09/2026 14:03
b076be13-7e94-4615-9922-566aea28bb43,yule.ong,available,18.98,24.98,high,low,4,namecheap,,,24/09/2026 14:52
38028c29-5c33-4e1a-b71d-4946eb367af4,oppressed.ong,available,18.98,24.98,medium,low,9,namecheap,,,04/09/2026 16:50
6c4efce1-e621-4f9b-8146-fb801eb58fdf,picket.ong,available,18.98,24.98,high,low,6,namecheap,,,04/09/2026 23:25
1a635129-554d-4260-8209-d847d2befa21,opponent.ong,available,16.99,16.99,high,low,8,name.com,,,04/09/2026 16:36
00845b99-442a-4d56-97b5-72a849f0448b,diseased.ong,available,16.99,16.99,medium,low,8,name.com,,,14/08/2026 10:08
f66ee635-f668-4252-8e46-3730e5a8f6e8,marihuana.ong,available,16.99,,high,low,9,name.com,,,
b92f812b-ad33-4673-a9a2-5faf73d6be77,stay.ong,available,18.98,24.98,high,low,4,namecheap,,,24/09/2026 23:21
95584fd1-a5eb-4f1c-8d68-ecc0760b30b2,dorothy.ong,available,18.98,24.98,medium,low,7,namecheap,,,25/09/2026 14:18
af249c47-90b5-4359-b44f-1b5709f2774b,sagely.ong,available,18.98,24.98,medium,low,6,namecheap,,,16/09/2026 00:31
54476630-837c-42ed-ae9d-4772fa555299,auroral.ong,available,18.98,24.98,high,low,7,namecheap,,,22/09/2026 13:08
e3c867a5-3423-44b9-b6af-8aab1ef50a76,appalachia.ong,available,18.98,24.98,medium,low,10,namecheap,,,19/09/2026 19:44
e4d47d92-86b2-420f-9985-8a3077f7ffc9,lowbred.ong,available,16.99,16.99,low,low,7,name.com,,,10/08/2026 22:02
2ce90a05-87ec-4d12-bbdd-5b33add276ec,actual.ong,available,18.98,24.98,high,low,6,namecheap,,,21/09/2026 16:37
d48ee7cc-7b79-4b8d-a6a3-fab0aef43c41,boehme.ong,available,18.98,24.98,medium,low,6,namecheap,,,23/09/2026 03:32
8d4e95a7-80cd-4a32-8ee9-8eb8998c28da,straggling.ong,available,16.99,16.99,high,medium,10,name.com,,,09/09/2026 10:03
467b04fd-fa7b-4b57-8b08-56e54a3f53e3,linearly.ong,available,18.98,24.98,medium,low,8,namecheap,,,15/09/2026 12:25
b985d61b-d426-43e7-b724-ed45e23d22d0,tetragon.ong,available,16.99,16.99,medium,low,8,name.com,,,09/09/2026 07:24
71b1be6d-7a97-4104-accf-4cf008d365e7,aleatory.ong,available,16.99,16.99,medium,low,8,name.com,,,
841df417-c9b4-4af6-854d-470b5d8a465e,planar.ong,available,18.98,24.98,high,low,6,namecheap,,,08/09/2026 20:37
e078b759-be7f-4d9e-ba72-a992df68bd66,fading.ong,available,18.98,24.98,medium,low,6,namecheap,,,21/09/2026 01:33
583e53eb-59d0-465a-999f-44addb0f27bd,jung.ong,available,18.98,24.98,high,low,4,namecheap,,,25/09/2026 03:59
befec941-197d-4e72-a05c-4c102bc94ebb,starts.ong,available,16.99,,medium,low,6,name.com,,,
2a940274-0565-40e1-b2c5-4ac362331735,apocalypse.ong,available,18.98,24.98,medium,low,10,namecheap,,,19/09/2026 18:10
a7449dfe-eef1-4529-9646-eff6dab4bee9,faced.ong,available,16.99,16.99,high,low,5,name.com,,,17/08/2026 20:20
bdfd0177-f23c-4c46-9969-ce616f31852f,beadle.ong,available,18.98,24.98,medium,low,6,namecheap,,,22/09/2026 19:31
644f329c-aa90-4cd6-857b-45ddf379e7ed,disbelief.ong,available,18.98,24.98,high,low,9,namecheap,,,24/09/2026 22:29
fc959017-3c18-4bfa-8c8a-4446f858a9a9,swords.ong,available,16.99,,medium,low,6,name.com,,,
8c722b0d-87b2-4185-b285-a30f3c1df47a,xlvi.ong,available,16.99,16.99,medium,low,4,name.com,,,
f50b5721-9886-4324-a27b-ff576bfc06ae,sliced.ong,available,18.98,24.98,high,low,6,namecheap,,,23/09/2026 14:26
7083734a-43c2-4944-a2d2-67e7134469b8,olga.ong,available,16.99,16.99,medium,low,4,name.com,,,27/09/2026 01:37
6e24226b-756e-42d3-b451-5515c74c8f7d,regret.ong,available,16.99,,high,low,6,name.com,,,
bc4756e2-642c-4a41-ae6a-9d1f394a393e,naive.ong,available,18.98,24.98,high,low,5,namecheap,,,03/09/2026 12:50
0e551cad-0993-42ef-ba88-593558bd64aa,flapjack.ong,available,18.98,24.98,high,low,8,namecheap,,,22/09/2026 14:32
de3ce279-6c89-4159-b04c-10bebb7eb899,haptic.ong,available,16.99,16.99,medium,low,6,name.com,,,21/08/2026 00:01
096263a7-d2b2-44e7-a3e2-857402b92723,returned.ong,available,16.99,,high,low,8,name.com,,,
5f7f6325-8c80-49dc-aad2-58673f1d5ed6,edental.ong,available,18.98,24.98,medium,low,7,namecheap,,,08/09/2026 15:42
6f7dc1d4-668e-4a42-9501-f848cdc34de2,trusty.ong,available,18.98,24.98,high,low,6,namecheap,,,11/09/2026 20:49
9ce6e5ad-2751-4023-930c-edb52ebc6c01,jared.ong,available,18.98,24.98,high,low,5,namecheap,,,27/09/2026 11:10
4f021f02-fd7a-4c96-886f-e28739e2705a,fellowing.ong,available,18.98,24.98,medium,low,9,namecheap,,,20/09/2026 20:26
b1def6d1-43fd-4dbc-af05-f49dbfae6dbd,mottled.ong,available,16.99,16.99,medium,low,7,name.com,,,13/08/2026 17:41
ad0357af-007d-4a7f-8b78-48519236535e,suborbital.ong,available,18.98,24.98,medium,low,10,namecheap,,,11/09/2026 00:34
62bac2d2-941f-415c-bf8f-a9c33afba75d,cashier.ong,available,18.98,24.98,high,low,7,namecheap,,,22/09/2026 02:24
70a209b1-cb6b-4604-ac6c-6fe28b897f61,dais.ong,available,18.98,24.98,high,low,4,namecheap,,,18/09/2026 17:12
5cae4f45-a0b3-4bcc-b2dd-1cf4d41bdb1f,capitular.ong,available,16.99,16.99,medium,low,9,name.com,,,11/08/2026 17:58
d5a0074b-1bc2-432b-bcbb-5acc2657e1d9,sourly.ong,available,18.98,24.98,low,low,6,namecheap,,,16/09/2026 05:40
c1ad55ef-fb9c-4232-a8f9-91bf333fc1a0,potbellied.ong,available,16.99,16.99,medium,low,10,name.com,,,
c96bec90-837f-415e-affc-b3d59bc9a8d7,saman.ong,available,18.98,24.98,high,low,5,namecheap,,,18/09/2026 03:12
80e8915a-73d8-4cb7-bdf2-26d76130c10e,worldwide.ong,premium,62.5,31.25,high,medium,9,name.com,,,20/08/2026 14:35
11c3d7f5-8ffd-406a-8092-d7b424ab20e7,crowley.ong,available,18.98,24.98,medium,low,7,namecheap,,,27/09/2026 01:51
1db79ce0-fdb9-4526-be76-757476549e87,tutu.ong,available,18.98,24.98,high,low,4,namecheap,,,21/09/2026 22:53
d28f5733-8a47-4f58-9609-9e47a942bbeb,guns.ong,available,18.98,24.98,high,low,4,namecheap,,,17/09/2026 07:29
0e77bfb0-672c-4f51-a2cf-1f57b6b71623,apiarist.ong,available,18.98,24.98,medium,low,8,namecheap,,,19/09/2026 17:19
f956fd2e-0794-4043-90c4-94099e34d273,bygone.ong,available,16.99,16.99,medium,low,6,name.com,,,11/08/2026 12:06
4163d2ee-6bfb-4a7f-8e4f-897d1745c7f0,checkered.ong,available,16.99,16.99,medium,low,9,name.com,,,12/08/2026 03:38
d477e6d3-979d-4d7a-a717-f14c01f9e0fd,microbial.ong,available,18.98,24.98,medium,low,9,namecheap,,,08/09/2026 09:41
98402f72-8063-4078-ad5d-8239026b7e6e,whereas.ong,available,16.99,,high,low,7,name.com,,,
1e383dae-eee5-4d71-96e7-c9c9e68c468b,squandered.ong,available,16.99,16.99,medium,low,10,name.com,,,10/09/2026 17:24
494aee7a-491f-417b-bdea-bddea0adb8c3,judaic.ong,available,16.99,16.99,medium,low,6,name.com,,,22/08/2026 13:17
fa88c0b9-bb9d-46fa-955e-14769a9c47d3,area.ong,available,16.99,,high,low,4,name.com,,,
aa20140c-959b-4628-b594-d6c2d263c96a,relapse.ong,available,16.72,16.72,high,low,7,dynadot,,,27/09/2026 14:29
841d2980-cdb5-4359-aaf9-a37059ad3150,perdurable.ong,available,18.98,24.98,medium,low,10,namecheap,,,08/09/2026 16:24
b7fe6f2c-6ddf-41bb-8ec0-30186d585a5e,azores.ong,available,18.98,24.98,medium,low,6,namecheap,,,17/09/2026 02:13
6bbaecce-631f-4f29-ab7a-085481ab6f53,slim.ong,available,15.2,15.2,high,low,4,cloudflare,,,27/09/2026 22:35
fd4bb76c-04ad-49f4-8c53-daac1ff75eae,inlaid.ong,available,16.99,16.99,medium,low,6,name.com,,,22/08/2026 05:47